Craigslist URL,Neighborhood,City,State,Zip Code,RentStatusLastRun,RentDateLastRun,HomeStatusLastRun,2016-12-10'
washingtondc,,Dumfries,VA,,Successful,'2016-12-28',Successful,'2016-12-26',||,'2016-12-28',0,0,0.688,417,0.709,476,0.747,436,0,0,0,0,0,0,0,0,0.973,44,0,0,0,0,0,0,0,0,0,0,0.847,250,0.914,148,0,0,0,0,0,0,0.688,417,0.668,543,0.642,617,0,0,0,0
washingtondc,,Alexandria,VA,,Successful,'2016-12-28',Successful,'2016-12-26',||,'2016-12-28',1.114,-170,1.471,-835,1.659,-1455,2.192,-2582,1.751,-2364,0,0,1.107,-159,1.28,-496,1.343,-758,0,0,0,0,0,0,1.148,-220,1.988,-1751,1.664,-1466,2.168,-2529,1.728,-2292,0,0,0,0,1.9,-1595,1.661,-1459,2.232,-2668,2.155,-3636,0,0
washingtondc,,Annandale,VA,,Successful,'2016-12-28',Successful,'2016-12-26',||,'2016-12-28',0.78,321,0.999,2,1.16,-347,1.671,-1157,1.316,-916,0,0,0.78,321,0.996,7,0.77,497,1.027,-47,0,0,0,0,0,0,1.165,-260,1.183,-396,1.753,-1299,1.316,-916,0,0,0,0,0,0,1.182,-393,1.482,-831,0,0,0,0
washingtondc,,Arlington,VA,,Successful,'2016-12-28',Successful,'2016-12-26',||,'2016-12-28',1.147,-241,1.25,-581,1.637,-1571,1.369,-1355,2.37,-3997,4.297,-5935,1.283,-464,1.228,-531,1.859,-2118,0,0,0,0,0,0,1.109,-178,1.16,-373,1.616,-1519,1.373,-1369,2.606,-4687,4.297,-5935,1.125,-205,1.252,-585,1.648,-1597,1.005,-19,2.19,-3471,0,0
washingtondc,,Ashburn,VA,,Successful,'2016-12-28',Successful,'2016-12-26',||,'2016-12-28',1.042,-57,1.314,-504,1.087,-183,1.46,-1012,6.003,-3042,0,0,1.042,-57,1.416,-667,0.553,939,0,0,0,0,0,0,0,0,1.655,-1050,1.403,-847,1.499,-1098,6.003,-3042,0,0,0,0,1.167,-268,1.049,-102,1.156,-343,0,0,0,0
washingtondc,,Bailey's Crossroads,VA,,Successful,'2016-12-28',Successful,'2016-12-26',||,'2016-12-28',1.053,-74,0.935,137,0,0,0,0,0,0,0,0,1.051,-71,0.937,133,0,0,0,0,0,0,0,0,1.312,-437,0.882,249,0,0,0,0,0,0,0,0,0,0,1.479,-1008,0,0,0,0,0,0,0,0
washingtondc,,Broadlands,VA,,Successful,'2016-12-28',Successful,'2016-12-26',||,'2016-12-28',0,0,2.356,-1196,1.217,-423,0,0,0,0,0,0,0,0,0,0,1.262,-511,0,0,0,0,0,0,0,0,0,0,1.33,-644,0,0,0,0,0,0,0,0,2.356,-1196,1.206,-401,0,0,0,0,0,0
washingtondc,,Bull Run,VA,,Successful,'2016-12-28',Successful,'2016-12-26',||,'2016-12-28',0.583,548,0.899,146,2.051,-827,0.944,105,0,0,0,0,0.583,548,0.859,203,1.595,-468,0,0,0,0,0,0,0,0,1.069,-100,1.665,-523,0.809,355,0,0,0,0,0,0,1.087,-126,2.081,-851,0.945,103,0,0,0,0
washingtondc,,Burke,VA,,Successful,'2016-12-28',Successful,'2016-12-26',||,'2016-12-28',0,0,0.918,136,1.127,-262,2.618,-1942,2.908,-2444,0,0,0,0,0.894,177,0,0,0,0,0,0,0,0,0,0,0,0,1.279,-575,2.718,-2062,2.908,-2444,0,0,0,0,1.181,-301,1.108,-223,2.067,-1280,0,0,0,0
washingtondc,,Burke Centre,VA,,Successful,'2016-12-28',Successful,'2016-12-26',||,'2016-12-28',0,0,0,0,0,0,2.69,-2028,2.143,-2001,0,0,0,0,0,0,0,0,0,0,0,0,0,0,0,0,0,0,0,0,2.868,-2241,2.143,-2001,0,0,0,0,0,0,0,0,1.928,-1114,0,0,0,0
washingtondc,,Cascades,VA,,Successful,'2016-12-28',Successful,'2016-12-26',||,'2016-12-28',0.831,253,1.055,-91,1.353,-625,0,0,0,0,0,0,0.831,253,1.048,-79,1.049,-86,0,0,0,0,0,0,0,0,1.103,-169,1.711,-1259,0,0,0,0,0,0,0,0,1.064,-105,1.335,-593,0,0,0,0,0,0
washingtondc,,Centreville,VA,,Successful,'2016-12-28',Successful,'2016-12-26',||,'2016-12-28',0.974,35,1.151,-213,1.255,-425,1.274,-547,0,0,0,0,0.961,53,1.151,-212,0.79,349,0,0,0,0,0,0,0,0,0.919,114,1.53,-882,1.655,-1309,0,0,0,0,1.01,-14,1.22,-310,1.252,-419,1.097,-194,0,0,0,0
washingtondc,,Chantilly,VA,,Successful,'2016-12-28',Successful,'2016-12-26',||,'2016-12-28',1.03,-44,0.927,127,1.074,-157,1.354,-841,1.332,-929,0,0,1.03,-44,1.001,-1,0.947,113,0,0,0,0,0,0,0,0,0.648,611,1.092,-195,1.385,-915,1.332,-929,0,0,0,0,0.96,69,1.074,-158,0.855,345,0,0,0,0
washingtondc,,Cherry Hill,VA,,Successful,'2016-12-28',Successful,'2016-12-26',||,'2016-12-28',0,0,0.822,327,1.271,-352,0,0,3.037,-1650,0,0,0,0,0.593,749,1.421,-546,0,0,0,0,0,0,0,0,0,0,1.441,-572,0,0,3.037,-1650,0,0,0,0,0.888,206,1.249,-323,0,0,0,0,0,0
washingtondc,,Countryside,VA,,Successful,'2016-12-28',Successful,'2016-12-26',||,'2016-12-28',0,0,1.151,-200,1.173,-304,0,0,0,0,0,0,0,0,1.035,-47,0,0,0,0,0,0,0,0,0,0,0,0,1.389,-683,0,0,0,0,0,0,0,0,1.221,-293,1.105,-184,0,0,0,0,0,0
washingtondc,,Culpeper,VA,,Successful,'2016-12-28',Successful,'2016-12-26',||,'2016-12-28',0,0,0,0,2.468,-734,0,0,1.377,-453,0,0,0,0,0,0,0,0,0,0,0,0,0,0,0,0,0,0,2.616,-808,0,0,1.377,-453,0,0,0,0,0,0,2.32,-660,0,0,0,0,0,0
washingtondc,,Dale City,VA,,Successful,'2016-12-28',Successful,'2016-12-26',||,'2016-12-28',0,0,0.978,30,0.892,181,1.235,-341,0,0,0,0,0,0,0.978,30,0,0,0,0,0,0,0,0,0,0,0,0,0.927,123,1.247,-358,0,0,0,0,0,0,0,0,0.852,248,1.184,-267,0,0,0,0
washingtondc,,Fair Oaks,VA,,Successful,'2016-12-28',Successful,'2016-12-26',||,'2016-12-28',0.959,61,1.12,-212,1.355,-748,1.811,-1591,0,0,0,0,0.959,61,1.107,-190,1.111,-234,0,0,0,0,0,0,0,0,1.465,-823,1.126,-265,2.015,-1992,0,0,0,0,0,0,1.36,-638,1.4,-844,1.549,-1078,0,0,0,0
washingtondc,,Fairfax,VA,,Successful,'2016-12-28',Successful,'2016-12-26',||,'2016-12-28',0.831,251,0.848,273,1.239,-493,1.414,-868,1.306,-874,0,0,0.831,251,0.797,365,1.373,-769,0,0,0,0,0,0,0,0,1.148,-266,1.22,-453,1.414,-868,1.306,-874,0,0,0,0,0.858,256,1.756,-1559,1.563,-1182,0,0,0,0
washingtondc,,Fairfax Station,VA,,Successful,'2016-12-28',Successful,'2016-12-26',||,'2016-12-28',0,0,1.079,-141,1.12,-246,68.375,-3773,2.153,-2017,0,0,0,0,0,0,0,0,0,0,0,0,0,0,0,0,1.079,-141,1.46,-944,68.625,-3787,2.153,-2017,0,0,0,0,0,0,1.091,-186,46.554,-2551,0,0,0,0
washingtondc,,Falls Church,VA,,Successful,'2016-12-28',Successful,'2016-12-26',||,'2016-12-28',1.05,-86,1.845,-1581,1.788,-1711,1.577,-1729,3.458,-4731,3.536,-4564,1.05,-86,1.891,-1668,2.023,-2223,0,0,0,0,0,0,0,0,1.939,-1758,1.806,-1750,1.53,-1590,3.458,-4731,3.536,-4564,0,0,1.304,-570,1.685,-1487,1.577,-1729,0,0,0,0
washingtondc,,Franconia,VA,,Successful,'2016-12-28',Successful,'2016-12-26',||,'2016-12-28',0.85,225,1.296,-460,1.113,-259,2.62,-1882,0,0,0,0,0.85,225,1.247,-384,0.892,246,0,0,0,0,0,0,0,0,1.295,-459,1.137,-313,2.782,-2071,0,0,0,0,0,0,1.446,-694,1.116,-265,2.388,-1613,0,0,0,0
washingtondc,,Gainesville,VA,,Successful,'2016-12-28',Successful,'2016-12-27',||,'2016-12-28',0.852,220,1.063,-87,0.954,98,1.348,-729,1.184,-485,0,0,0.852,220,0.977,32,0,0,0,0,0,0,0,0,0,0,1.247,-340,0.942,124,1.44,-922,1.184,-485,0,0,0,0,1.123,-169,0.954,98,1.229,-479,0,0,0,0
washingtondc,,Great Falls,VA,,Successful,'2016-12-28',Successful,'2016-12-27',||,'2016-12-28',0,0,0,0,1.996,-2161,2.032,-2695,2.966,-3784,0,0,0,0,0,0,0,0,0,0,0,0,0,0,0,0,0,0,1.996,-2161,2.032,-2695,2.966,-3784,0,0,0,0,0,0,0,0,0,0,0,0,0,0
washingtondc,,Groveton,VA,,Successful,'2016-12-28',Successful,'2016-12-27',||,'2016-12-28',1.266,-404,0.898,209,0,0,0,0,0,0,0,0,0,0,0.639,741,0,0,0,0,0,0,0,0,1.266,-404,0.875,257,0,0,0,0,0,0,0,0,0,0,0.976,50,0,0,0,0,0,0,0,0
washingtondc,,Herndon,VA,,Successful,'2016-12-28',Successful,'2016-12-27',||,'2016-12-28',0.888,171,0.873,221,1.018,-37,1.285,-630,1.873,-1135,0,0,0.888,171,0.831,294,0,0,0,0,0,0,0,0,0,0,1.142,-247,1.121,-248,1.431,-952,2.825,-2372,0,0,0,0,0.873,221,0.951,100,0.903,214,1.667,-867,0,0
washingtondc,,Huntington,VA,,Successful,'2016-12-28',Successful,'2016-12-27',||,'2016-12-28',1.334,-493,1.239,-429,1.175,-393,0,0,0.876,333,0,0,1.334,-493,1.244,-439,1.544,-1222,0,0,0,0,0,0,0,0,1.123,-222,1.085,-190,0,0,0.876,333,0,0,0,0,1.131,-236,1.356,-800,0,0,0,0,0,0
washingtondc,,Kingstowne,VA,,Successful,'2016-12-28',Successful,'2016-12-27',||,'2016-12-28',1.003,-4,1.178,-327,1.261,-593,2.916,-2155,0,0,0,0,1.003,-4,1.102,-187,0.995,12,0,0,0,0,0,0,0,0,1.563,-1033,1.12,-273,3.906,-3269,0,0,0,0,0,0,1.4,-734,1.27,-612,2.708,-1921,0,0,0,0
washingtondc,,Lake Ridge,VA,,Successful,'2016-12-28',Successful,'2016-12-27',||,'2016-12-28',0.872,153,0.933,101,2.269,-952,1.487,-748,0,0,0,0,0.872,153,0.87,195,1.647,-485,0,0,0,0,0,0,0,0,1.144,-217,2.719,-1289,1.684,-1051,0,0,0,0,0,0,1.063,-95,2.268,-951,1.158,-243,0,0,0,0
washingtondc,,Lansdowne,VA,,Successful,'2016-12-28',Successful,'2016-12-27',||,'2016-12-28',0,0,2.6,-1211,0,0,5.01,-2947,0,0,0,0,0,0,2.6,-1211,0,0,0,0,0,0,0,0,0,0,0,0,0,0,5.376,-3216,0,0,0,0,0,0,2.524,-1154,0,0,4.731,-2742,0,0,0,0
washingtondc,,Leesburg,VA,,Successful,'2016-12-28',Successful,'2016-12-27',||,'2016-12-28',0.933,91,0.81,283,0.957,84,1.085,-210,5.391,-2670,0,0,0.933,91,0.787,318,0.754,479,0,0,0,0,0,0,0,0,0.794,307,1.073,-142,1.144,-356,5.492,-2731,0,0,0,0,0.936,96,0.984,31,0.807,479,4.602,-2190,0,0
washingtondc,,Lincolnia,VA,,Successful,'2016-12-28',Successful,'2016-12-27',||,'2016-12-28',1.13,-206,2.271,-1246,1.077,-201,0,0,0,0,0,0,1.13,-206,2.271,-1246,0.811,496,0,0,0,0,0,0,0,0,0,0,0.899,266,0,0,0,0,0,0,0,0,2.278,-1252,1.145,-381,0,0,0,0,0,0
washingtondc,,Lorton,VA,,Successful,'2016-12-28',Successful,'2016-12-27',||,'2016-12-28',0,0,0.599,628,1.111,-223,2.625,-1939,0,0,0,0,0,0,1.237,-371,0,0,0,0,0,0,0,0,0,0,0.862,217,1.183,-369,2.824,-2176,0,0,0,0,0,0,0.589,645,1.076,-152,1.954,-1138,0,0,0,0
washingtondc,,Lowes Island,VA,,Successful,'2016-12-28',Successful,'2016-12-27',||,'2016-12-28',0,0,0,0,3.175,-1903,0,0,0,0,0,0,0,0,0,0,0,0,0,0,0,0,0,0,0,0,0,0,3.434,-2130,0,0,0,0,0,0,0,0,0,0,3.133,-1866,0,0,0,0,0,0
washingtondc,,Manassas,VA,,Successful,'2016-12-28',Successful,'2016-12-27',||,'2016-12-28',0.763,293,0.936,87,0.784,410,1.131,-245,1.761,-989,1.534,-748,0.763,293,0.861,190,0.595,769,0,0,0,0,0,0,0,0,0,0,0.996,7,1.161,-302,1.761,-989,1.534,-748,0,0,0.97,41,0.75,475,0.829,321,0,0,0,0
washingtondc,,Manassas Park,VA,,Successful,'2016-12-28',Successful,'2016-12-27',||,'2016-12-28',0,0,1.005,-7,0.726,579,0.923,142,1.913,-1187,0,0,0,0,1.022,-32,0,0,0,0,0,0,0,0,0,0,0.709,429,0.669,699,0.923,142,1.913,-1187,0,0,0,0,0.999,2,0.768,490,0.977,42,0,0,0,0
washingtondc,,McLean,VA,,Successful,'2016-12-28',Successful,'2016-12-27',||,'2016-12-28',0,0,1.592,-1273,1.592,-1509,1.38,-1355,3.906,-5086,2.633,-5466,0,0,1.328,-706,1.396,-1010,0,0,0,0,0,0,0,0,1.592,-1273,1.629,-1604,1.38,-1355,3.876,-5033,2.633,-5466,0,0,1.666,-1433,1.58,-1480,1.374,-1333,5.963,-8685,0,0
washingtondc,,McNair,VA,,Successful,'2016-12-28',Successful,'2016-12-27',||,'2016-12-28',0,0,0,0,2.497,-1497,0,0,0,0,0,0,0,0,0,0,2.155,-1155,0,0,0,0,0,0,0,0,0,0,2.968,-1968,0,0,0,0,0,0,0,0,0,0,2.497,-1497,0,0,0,0,0,0
washingtondc,,Merrifield,VA,,Successful,'2016-12-28',Successful,'2016-12-27',||,'2016-12-28',1.005,-10,1.414,-818,2.571,-1982,0,0,0,0,0,0,1.005,-10,1.307,-606,2.115,-1407,0,0,0,0,0,0,0,0,0,0,2.898,-2395,0,0,0,0,0,0,0,0,1.492,-973,2.611,-2033,0,0,0,0,0,0
washingtondc,,Montclair,VA,,Successful,'2016-12-28',Successful,'2016-12-27',||,'2016-12-28',0,0,2.619,-1177,1.881,-793,2.341,-1341,0,0,0,0,0,0,1.568,-413,0,0,0,0,0,0,0,0,0,0,3.043,-1485,2.422,-1280,2.424,-1424,0,0,0,0,0,0,2.032,-750,1.742,-668,1.665,-665,0,0,0,0
washingtondc,,Mount Vernon,VA,,Successful,'2016-12-28',Successful,'2016-12-27',||,'2016-12-28',0,0,0.522,1051,0.838,484,0,0,1.873,-1724,0,0,0,0,0.444,1221,0,0,0,0,0,0,0,0,0,0,0.863,301,0.885,343,0,0,1.886,-1750,0,0,0,0,0.513,1071,0.831,505,0,0,1.476,-940,0,0
washingtondc,,Neabsco,VA,,Successful,'2016-12-28',Successful,'2016-12-27',||,'2016-12-28',0,0,0.891,208,1.609,-765,0,0,0,0,0,0,0,0,0.894,202,1.391,-491,0,0,0,0,0,0,0,0,0,0,1.796,-1001,0,0,0,0,0,0,0,0,0.866,254,1.619,-778,0,0,0,0,0,0
washingtondc,,Newington,VA,,Successful,'2016-12-28',Successful,'2016-12-27',||,'2016-12-28',0,0,0,0,2.501,-1351,0,0,0,0,0,0,0,0,0,0,0,0,0,0,0,0,0,0,0,0,0,0,3.119,-1907,0,0,0,0,0,0,0,0,0,0,2.491,-1342,0,0,0,0,0,0
washingtondc,,Newington Forest,VA,,Successful,'2016-12-28',Successful,'2016-12-27',||,'2016-12-28',0,0,0,0,2.458,-1312,0,0,0,0,0,0,0,0,0,0,0,0,0,0,0,0,0,0,0,0,0,0,2.623,-1461,0,0,0,0,0,0,0,0,0,0,2.427,-1284,0,0,0,0,0,0
washingtondc,,Oakton,VA,,Successful,'2016-12-28',Successful,'2016-12-27',||,'2016-12-28',0.999,1,1.238,-387,1.443,-924,2.846,-2585,3.296,-3290,0,0,0.999,1,1.238,-388,1.16,-334,0,0,0,0,0,0,0,0,1.237,-386,1.672,-1401,3.064,-2889,3.296,-3290,0,0,0,0,0,0,1.39,-813,2.48,-2072,0,0,0,0
washingtondc,,Reston,VA,,Successful,'2016-12-28',Successful,'2016-12-27',||,'2016-12-28',1.293,-436,1.492,-785,1.388,-763,1.781,-1581,3.696,-3648,0,0,1.31,-461,1.668,-1065,1.109,-215,0,0,0,0,0,0,0.929,105,0.757,387,1.817,-1606,1.971,-1967,3.696,-3648,0,0,0,0,1.325,-519,1.403,-791,1.592,-1198,0,0,0,0
washingtondc,,South Riding,VA,,Successful,'2016-12-28',Successful,'2016-12-27',||,'2016-12-28',0,0,0,0,1.169,-346,1.224,-602,0,0,0,0,0,0,0,0,0.899,207,0,0,0,0,0,0,0,0,0,0,1.371,-759,1.317,-851,0,0,0,0,0,0,0,0,1.163,-334,0.963,99,0,0,0,0
washingtondc,,Springfield,VA,,Successful,'2016-12-28',Successful,'2016-12-27',||,'2016-12-28',0.88,166,1.232,-401,1.411,-754,1.134,-307,2.649,-1731,0,0,0.824,243,0,0,0,0,0,0,0,0,0,0,1.358,-495,1.162,-279,1.308,-566,1.134,-307,2.649,-1731,0,0,0,0,1.302,-522,1.501,-920,1.157,-360,0,0,0,0
washingtondc,,Sterling,VA,,Successful,'2016-12-28',Successful,'2016-12-27',||,'2016-12-28',0.58,630,1.024,-38,1.021,-40,1.148,-287,0,0,0,0,0.58,630,1.016,-26,0.718,547,0,0,0,0,0,0,0,0,1.013,-20,1.039,-75,1.196,-380,0,0,0,0,0,0,1.043,-69,1.017,-32,1.144,-278,0,0,0,0
washingtondc,,Sudley,VA,,Successful,'2016-12-28',Successful,'2016-12-27',||,'2016-12-28',0,0,1.065,-95,0,0,0,0,0,0,0,0,0,0,0.64,527,0,0,0,0,0,0,0,0,0,0,0.943,83,0,0,0,0,0,0,0,0,0,0,1.104,-153,0,0,0,0,0,0,0,0
washingtondc,,Sugarland Run,VA,,Successful,'2016-12-28',Successful,'2016-12-27',||,'2016-12-28',0,0,0,0,0,0,0,0,0,0,0,0,0,0,0,0,0,0,0,0,0,0,0,0,0,0,0,0,0,0,0,0,0,0,0,0,0,0,0,0,0,0,0,0,0,0,0,0
washingtondc,,Tysons Corner,VA,,Successful,'2016-12-28',Successful,'2016-12-27',||,'2016-12-28',1.206,-311,1.469,-799,1.793,-1676,1.571,-1696,3.629,-4601,0,0,1.206,-311,1.457,-779,1.637,-1346,0,0,0,0,0,0,0,0,2.406,-2395,1.945,-1997,1.484,-1437,3.629,-4601,0,0,0,0,1.545,-928,1.825,-1745,1.628,-1866,0,0,0,0
washingtondc,,Vienna,VA,,Successful,'2016-12-28',Successful,'2016-12-27',||,'2016-12-28',0.976,36,0.995,9,1.628,-1303,1.499,-1284,2.163,-3868,0,0,0.976,36,0.988,20,0.966,71,0,0,0,0,0,0,0,0,1.6,-1017,1.567,-1176,1.504,-1296,2.163,-3868,0,0,0,0,0,0,1.82,-1701,1.282,-726,0,0,0,0
washingtondc,,Wakefield,VA,,Successful,'2016-12-28',Successful,'2016-12-27',||,'2016-12-28',0,0,0,0,0.255,782,0,0,0,0,0,0,0,0,0,0,0,0,0,0,0,0,0,0,0,0,0,0,0.255,782,0,0,0,0,0,0,0,0,0,0,0,0,0,0,0,0,0,0
washingtondc,,West Falls Church,VA,,Successful,'2016-12-28',Successful,'2016-12-27',||,'2016-12-28',1.061,-94,1.087,-181,1.332,-638,0,0,0,0,2.323,-2382,1.061,-94,1.017,-36,1.12,-230,0,0,0,0,0,0,0,0,1.155,-322,1.378,-726,0,0,0,0,2.323,-2382,0,0,1.186,-387,1.332,-638,0,0,0,0,0,0
washingtondc,,West Springfield,VA,,Successful,'2016-12-28',Successful,'2016-12-27',||,'2016-12-28',0.873,164,1.182,-248,3.365,-1774,0,0,0,0,0,0,0.873,164,1.112,-153,0,0,0,0,0,0,0,0,0,0,0,0,3.481,-1861,0,0,0,0,0,0,0,0,1.464,-633,3.339,-1754,0,0,0,0,0,0
washingtondc,,Wolf Trap,VA,,Successful,'2016-12-28',Successful,'2016-12-27',||,'2016-12-28',0,0,0,0,5.491,-3144,5.77,-3935,6.213,-4233,0,0,0,0,0,0,0,0,0,0,0,0,0,0,0,0,0,0,5.491,-3144,5.77,-3935,6.213,-4233,0,0,0,0,0,0,0,0,0,0,0,0,0,0
washingtondc,,Woodbridge,VA,,Successful,'2016-12-28',Successful,'2016-12-27',||,'2016-12-28',1.185,-247,1.435,-655,1.439,-681,1.199,-354,0.9,239,0,0,1.185,-247,1.455,-685,1.439,-681,1.199,-354,0,0,0,0,0,0,0,0,1.165,-255,1.047,-83,0.9,239,0,0,0,0,0.976,36,1.51,-791,1.248,-442,0,0,0,0
washingtondc,,Woodlawn,VA,,Successful,'2016-12-28',Successful,'2016-12-27',||,'2016-12-28',0,0,0.74,442,1.808,-808,1.324,-519,0,0,0,0,0,0,0.714,485,1.436,-436,0,0,0,0,0,0,0,0,0.736,449,2.128,-1128,1.356,-570,0,0,0,0,0,0,0.87,221,1.852,-852,1.296,-473,0,0,0,0
washingtondc,Woodridge - Fort Lincoln,Washington,DC,,Successful,'2016-12-28',Successful,'2016-12-27',||,'2016-12-28',0,0,0,0,0,0,0,0,0,0,0,0,0,0,0,0,0,0,0,0,0,0,0,0,0,0,0,0,0,0,0,0,0,0,0,0,0,0,0,0,0,0,0,0,0,0,0,0
washingtondc,Woodley Park,Washington,DC,,Successful,'2016-12-28',Successful,'2016-12-27',||,'2016-12-28',1.382,-729,1.507,-1563,2.463,-4197,0,0,4.829,-6700,0,0,1.385,-734,1.347,-1068,5.315,-12376,0,0,0,0,0,0,1.263,-501,1.939,-2893,2.434,-4113,0,0,4.829,-6700,0,0,0,0,0,0,2.572,-4508,0,0,0,0,0,0
washingtondc,West End,Washington,DC,,Successful,'2016-12-28',Successful,'2016-12-27',||,'2016-12-28',1.378,-832,1.865,-2708,2.565,-3111,0,0,0,0,0,0,1.378,-832,1.879,-2750,11.049,-19978,0,0,0,0,0,0,1.42,-924,2.751,-5480,2.308,-2600,0,0,0,0,0,0,1.012,-27,0.973,84,2.744,-3467,0,0,0,0,0,0
washingtondc,Wesley Heights,Washington,DC,,Successful,'2016-12-28',Successful,'2016-12-27',||,'2016-12-28',6.883,-2559,0,0,4522.0,-9042,0,0,0,0,0,0,6.883,-2559,0,0,0,0,0,0,0,0,0,0,0,0,0,0,4522.0,-9042,0,0,0,0,0,0,0,0,0,0,0,0,0,0,0,0,0,0
washingtondc,Washington Highlands,Washington,DC,,Successful,'2016-12-28',Successful,'2016-12-27',||,'2016-12-28',0,0,0.767,232,1.973,-730,0,0,0,0,0,0,0,0,0.655,343,0,0,0,0,0,0,0,0,0,0,0.906,94,1.752,-564,0,0,0,0,0,0,0,0,0,0,2.393,-1045,0,0,0,0,0,0
washingtondc,Truxton Circle,Washington,DC,,Successful,'2016-12-28',Successful,'2016-12-27',||,'2016-12-28',2.189,-1245,1.416,-951,3.221,-3025,3.41,-2916,0,0,0,0,2.51,-1581,1.439,-1002,3.196,-2991,0,0,0,0,0,0,2.132,-1185,1.509,-1162,3.084,-2838,3.41,-2916,0,0,0,0,0,0,1.393,-899,3.496,-3400,3.492,-3015,0,0,0,0
washingtondc,Trinidad,Washington,DC,,Successful,'2016-12-28',Successful,'2016-12-27',||,'2016-12-28',1.499,-709,1.204,-343,1.17,-418,0.014,273699,0,0,0,0,1.514,-731,1.181,-305,0,0,0,0,0,0,0,0,0.293,1006,1.274,-461,1.15,-369,0.014,273713,0,0,0,0,0,0,0,0,1.219,-539,0.015,273431,0,0,0,0
washingtondc,Tenleytown,Washington,DC,,Successful,'2016-12-28',Successful,'2016-12-27',||,'2016-12-28',1.708,-1265,1.775,-2332,1.256,-979,0,0,5.603,-6269,3.091,-6997,1.708,-1265,1.96,-2889,1.524,-2006,0,0,0,0,0,0,0,0,1.555,-1669,1.226,-863,0,0,5.883,-6650,3.091,-6997,0,0,0,0,0,0,0,0,3.943,-4008,0,0
washingtondc,Takoma,Washington,DC,,Successful,'2016-12-28',Successful,'2016-12-27',||,'2016-12-28',1.699,-746,1.853,-1168,1.503,-943,0,0,0,0,0,0,1.699,-746,1.593,-812,0,0,0,0,0,0,0,0,0,0,2.016,-1392,1.492,-923,0,0,0,0,0,0,0,0,2.041,-1426,1.514,-963,0,0,0,0,0,0
washingtondc,Shepherd Park,Washington,DC,,Successful,'2016-12-28',Successful,'2016-12-27',||,'2016-12-28',0.914,138,2.527,-1351,1.9,-1958,4.948,-3518,0,0,0,0,0.914,138,2.527,-1351,0,0,0,0,0,0,0,0,0,0,0,0,1.9,-1958,4.948,-3518,0,0,0,0,0,0,0,0,0,0,0,0,0,0,0,0
washingtondc,River_Terrace - Lily_Ponds - Mayfair,Washington,DC,,Successful,'2016-12-28',Successful,'2016-12-27',||,'2016-12-28',0,0,0,0,0,0,0,0,0,0,0,0,0,0,0,0,0,0,0,0,0,0,0,0,0,0,0,0,0,0,0,0,0,0,0,0,0,0,0,0,0,0,0,0,0,0,0,0
washingtondc,Randle Highlands,Washington,DC,,Successful,'2016-12-28',Successful,'2016-12-27',||,'2016-12-28',0,0,0,0,0,0,0,0,0,0,2.324,-1803,0,0,0,0,0,0,0,0,0,0,0,0,0,0,0,0,0,0,0,0,0,0,2.324,-1803,0,0,0,0,0,0,0,0,0,0,0,0
washingtondc,Queens Chapel,Washington,DC,,Successful,'2016-12-28',Successful,'2016-12-27',||,'2016-12-28',0,0,1.496,-742,2.654,-1497,0,0,0,0,0,0,0,0,0,0,0,0,0,0,0,0,0,0,0,0,1.496,-742,2.685,-1525,0,0,0,0,0,0,0,0,0,0,2.326,-1200,0,0,0,0,0,0
washingtondc,Petworth,Washington,DC,,Successful,'2016-12-28',Successful,'2016-12-27',||,'2016-12-28',1.337,-538,1.321,-815,1.34,-967,0,0,1.709,-1773,3.773,-5338,1.337,-538,1.341,-864,1.384,-1093,0,0,0,0,0,0,0,0,1.348,-882,1.313,-891,0,0,1.709,-1773,3.773,-5338,0,0,0.939,155,1.344,-981,0,0,0,0,0,0
washingtondc,Penn Quarter,Washington,DC,,Successful,'2016-12-28',Successful,'2016-12-27',||,'2016-12-28',1.263,-637,1.226,-795,0,0,0,0,0,0,0,0,1.263,-637,1.226,-795,0,0,0,0,0,0,0,0,1.13,-314,0,0,0,0,0,0,0,0,0,0,0,0,0,0,0,0,0,0,0,0,0,0
washingtondc,North Cleveland Park,Washington,DC,,Successful,'2016-12-28',Successful,'2016-12-27',||,'2016-12-28',1.176,-334,0,0,3.801,-4061,3.214,-3820,0,0,0,0,1.176,-334,0,0,0,0,0,0,0,0,0,0,0,0,0,0,3.801,-4061,3.214,-3820,0,0,0,0,0,0,0,0,0,0,0,0,0,0,0,0
washingtondc,NoMa,Washington,DC,,Successful,'2016-12-28',FAILED,'2016-12-28',,,,,,,,,,,,,
washingtondc,Near Northeast,Washington,DC,,Successful,'2016-12-28',Successful,'2016-12-27',||,'2016-12-28',1.467,-815,1.607,-1404,3.23,-2787,5.684,-4173,0,0,0,0,2.339,-2336,1.714,-1651,3.638,-3297,0,0,0,0,0,0,1.467,-815,1.588,-1361,3.23,-2787,5.659,-4151,0,0,0,0,0,0,1.534,-1236,0,0,6.661,-5044,0,0,0,0
washingtondc,Naylor Gardens,Washington,DC,,Successful,'2016-12-28',Successful,'2016-12-27',||,'2016-12-28',0,0,0,0,0,0,0,0,0,0,0,0,0,0,0,0,0,0,0,0,0,0,0,0,0,0,0,0,0,0,0,0,0,0,0,0,0,0,0,0,0,0,0,0,0,0,0,0
washingtondc,Mount Vernon Square,Washington,DC,,Successful,'2016-12-28',Successful,'2016-12-27',||,'2016-12-28',2.437,-1829,1.952,-1949,2.053,-2702,0,0,0,0,0,0,2.441,-1834,1.957,-1958,2.209,-3104,0,0,0,0,0,0,0,0,1.845,-1730,1.959,-2463,0,0,0,0,0,0,1.863,-1098,2.065,-2181,2.053,-2702,0,0,0,0,0,0
washingtondc,Michigan Park,Washington,DC,,Successful,'2016-12-28',Successful,'2016-12-27',||,'2016-12-28',0,0,2.272,-1175,1.731,-1087,0,0,0,0,0,0,0,0,0,0,0,0,0,0,0,0,0,0,0,0,2.272,-1175,1.731,-1087,0,0,0,0,0,0,0,0,0,0,1.797,-1185,0,0,0,0,0,0
washingtondc,McLean Gardens,Washington,DC,,Successful,'2016-12-28',Successful,'2016-12-27',||,'2016-12-28',1.45,-697,3.463,-2369,0,0,0,0,0,0,7.009,-20111,1.45,-697,3.463,-2369,0,0,0,0,0,0,0,0,0,0,0,0,0,0,0,0,0,0,7.009,-20111,0,0,0,0,0,0,0,0,0,0,0,0
washingtondc,Marshall Heights,Washington,DC,,Successful,'2016-12-28',Successful,'2016-12-27',||,'2016-12-28',0.413,726,0.314,1541,0,0,0,0,0,0,0,0,0.413,726,0.274,1632,0,0,0,0,0,0,0,0,0,0,0.614,868,0,0,0,0,0,0,0,0,0,0,0.314,1541,0,0,0,0,0,0,0,0
washingtondc,Manor Park,Washington,DC,,Successful,'2016-12-28',Successful,'2016-12-27',||,'2016-12-28',1.236,-296,1.671,-933,2.288,-1495,0,0,0,0,0,0,1.236,-296,0,0,0,0,0,0,0,0,0,0,0,0,1.671,-933,2.288,-1495,0,0,0,0,0,0,0,0,0,0,0,0,0,0,0,0,0,0
washingtondc,Logan Circle - Shaw,Washington,DC,,Successful,'2016-12-28',Successful,'2016-12-27',||,'2016-12-28',1.265,-582,1.185,-667,1.293,-1202,2.566,-3132,2.574,-4329,0,0,1.261,-575,1.185,-667,1.515,-2111,0,0,0,0,0,0,1.419,-922,1.232,-834,1.263,-1080,2.589,-3178,1.87,-2393,0,0,1.019,-42,1.118,-425,1.284,-1166,2.402,-2804,3.278,-6265,0,0
washingtondc,Lincoln Heights,Washington,DC,,Successful,'2016-12-28',Successful,'2016-12-27',||,'2016-12-28',1.561,-266,1.345,-228,1.082,-122,0,0,0,0,0,0,1.561,-266,1.236,-156,0,0,0,0,0,0,0,0,0,0,1.455,-300,1.082,-122,0,0,0,0,0,0,0,0,0,0,0,0,0,0,0,0,0,0
washingtondc,Langdon,Washington,DC,,Successful,'2016-12-28',Successful,'2016-12-27',||,'2016-12-28',1.49,-236,0,0,0,0,2.349,-1885,0,0,0,0,0,0,0,0,0,0,0,0,0,0,0,0,1.49,-236,0,0,0,0,2.349,-1885,0,0,0,0,0,0,0,0,0,0,0,0,0,0,0,0
washingtondc,Kingman Park,Washington,DC,,Successful,'2016-12-28',Successful,'2016-12-27',||,'2016-12-28',2.742,-1197,1.381,-735,1.247,-633,2.793,-2442,0,0,0,0,2.878,-1290,1.4,-773,1.547,-1401,0,0,0,0,0,0,2.317,-905,1.318,-614,1.242,-619,2.909,-2600,0,0,0,0,0,0,1.326,-629,0.949,130,2.302,-1774,0,0,0,0
washingtondc,Kenilworth,Washington,DC,,Successful,'2016-12-28',Successful,'2016-12-27',||,'2016-12-28',0,0,1.582,-580,0,0,0,0,0,0,0,0,0,0,0,0,0,0,0,0,0,0,0,0,0,0,1.582,-580,0,0,0,0,0,0,0,0,0,0,0,0,0,0,0,0,0,0,0,0
washingtondc,Ivy City,Washington,DC,,Successful,'2016-12-28',Successful,'2016-12-27',||,'2016-12-28',0,0,0.826,438,0.765,454,0,0,0,0,0,0,0,0,0.826,438,3.332,-4501,0,0,0,0,0,0,0,0,0,0,0.761,461,0,0,0,0,0,0,0,0,0,0,0,0,0,0,0,0,0,0
washingtondc,Hillcrest,Washington,DC,,Successful,'2016-12-28',Successful,'2016-12-27',||,'2016-12-28',0,0,3.942,-1839,4.409,-2277,0,0,0,0,0,0,0,0,0,0,0,0,0,0,0,0,0,0,0,0,3.942,-1839,4.409,-2277,0,0,0,0,0,0,0,0,0,0,0,0,0,0,0,0,0,0
washingtondc,Hawthorne,Washington,DC,,Successful,'2016-12-28',Successful,'2016-12-27',||,'2016-12-28',0,0,4.516,-3692,0,0,0,0,0,0,0,0,0,0,0,0,0,0,0,0,0,0,0,0,0,0,4.516,-3692,0,0,0,0,0,0,0,0,0,0,0,0,0,0,0,0,0,0,0,0
washingtondc,Glover Park,Washington,DC,,Successful,'2016-12-28',Successful,'2016-12-27',||,'2016-12-28',1.178,-309,1.205,-543,1.504,-1639,1.597,-2441,0,0,2.356,-4538,1.178,-309,1.186,-493,0,0,0,0,0,0,0,0,1.137,-238,1.77,-2041,1.49,-1594,1.559,-2286,0,0,3.584,-8650,0,0,0,0,1.565,-1837,1.66,-2696,0,0,1.224,-751
washingtondc,Georgetown,Washington,DC,,Successful,'2016-12-28',Successful,'2016-12-27',||,'2016-12-28',1.454,-878,1.975,-2368,2.447,-4320,1.787,-4212,7.631,-11604,2.83,-11984,1.436,-843,2.045,-2538,2.1,-3286,0,0,0,0,0,0,3.213,-4282,2.094,-2658,2.432,-4277,1.713,-3812,7.631,-11604,2.83,-11984,0,0,1.69,-1675,2.719,-5133,2.324,-7085,7.414,-11225,0,0
washingtondc,Gateway,Washington,DC,,Successful,'2016-12-28',Successful,'2016-12-27',||,'2016-12-28',0,0,1.342,-446,1.097,-162,0,0,0,0,0,0,0,0,0,0,0,0,0,0,0,0,0,0,0,0,1.342,-446,1.097,-162,0,0,0,0,0,0,0,0,0,0,0,0,0,0,0,0,0,0
washingtondc,Friendship Heights,Washington,DC,,Successful,'2016-12-28',Successful,'2016-12-27',||,'2016-12-28',1.292,-488,1.615,-1583,1.648,-2065,2.424,-3204,4.522,-6163,0,0,1.292,-488,1.64,-1646,4.871,-12333,0,0,0,0,0,0,0,0,1.198,-508,1.586,-1866,2.424,-3204,4.522,-6163,0,0,0,0,0,0,1.831,-2649,0,0,0,0,0,0
washingtondc,Fort Totten,Washington,DC,,Successful,'2016-12-28',Successful,'2016-12-27',||,'2016-12-28',1.02,-30,0.954,99,1.189,-405,2.826,-2282,0,0,0,0,1.02,-30,0.968,70,0,0,2.15,-1438,0,0,0,0,0,0,0.941,128,1.189,-405,3.198,-2748,0,0,0,0,0,0,0,0,0,0,0,0,0,0,0,0
washingtondc,Forest Hills,Washington,DC,,Successful,'2016-12-28',Successful,'2016-12-27',||,'2016-12-28',1.296,-537,3.046,-2776,3.042,-3854,0,0,9.421,-6947,0,0,1.296,-537,3.046,-2776,3.042,-3854,0,0,0,0,0,0,0,0,0,0,3.113,-3988,0,0,9.421,-6947,0,0,0,0,0,0,0,0,0,0,0,0,0,0
washingtondc,Foggy Bottom,Washington,DC,,Successful,'2016-12-28',Successful,'2016-12-27',||,'2016-12-28',1.289,-578,1.392,-1314,3.811,-11130,5.131,-8881,0,0,0,0,1.289,-578,1.641,-2149,3.811,-11130,5.131,-8881,0,0,0,0,0,0,1.223,-746,0,0,0,0,0,0,0,0,0,0,1.121,-407,0,0,0,0,0,0,0,0
washingtondc,Fairlawn,Washington,DC,,Successful,'2016-12-28',Successful,'2016-12-27',||,'2016-12-28',0.567,392,0,0,2.274,-915,0,0,0,0,0,0,0.567,392,0,0,0,0,0,0,0,0,0,0,0,0,0,0,2.283,-921,0,0,0,0,0,0,0,0,0,0,1.84,-603,0,0,0,0,0,0
washingtondc,Edgewood,Washington,DC,,Successful,'2016-12-28',Successful,'2016-12-27',||,'2016-12-28',1.441,-498,1.59,-808,2.572,-2159,4.932,-3244,0,0,0,0,1.441,-498,1.584,-799,3.205,-3028,0,0,0,0,0,0,0,0,2.035,-1417,2.345,-1846,4.919,-3233,0,0,0,0,0,0,0,0,3.485,-3412,5.498,-3711,0,0,0,0
washingtondc,Eckington,Washington,DC,,Successful,'2016-12-28',Successful,'2016-12-27',||,'2016-12-28',1.371,-478,1.329,-809,1.167,-538,1.708,-1698,1.867,-2492,0,0,1.371,-478,1.179,-441,1.172,-553,1.835,-2005,0,0,0,0,0,0,1.503,-1238,1.191,-614,1.708,-1698,1.867,-2492,0,0,0,0,0,0,1.099,-319,1.33,-793,0,0,0,0
washingtondc,Dupont Park,Washington,DC,,Successful,'2016-12-28',Successful,'2016-12-27',||,'2016-12-28',0,0,0.554,1395,0.483,2004,0.722,810,0,0,0,0,0,0,0,0,0,0,0,0,0,0,0,0,0,0,0.554,1395,0.483,2004,0.722,810,0,0,0,0,0,0,0,0,0,0,0,0,0,0,0,0
washingtondc,Dupont Circle,Washington,DC,,Successful,'2016-12-28',Successful,'2016-12-27',||,'2016-12-28',1.218,-473,1.312,-994,1.855,-2839,2.93,-5620,4.078,-6540,0,0,1.208,-452,1.201,-639,1.609,-2023,0,0,0,0,0,0,1.262,-569,1.43,-1369,2.967,-6534,2.951,-5680,4.078,-6540,0,0,0,0,1.495,-1576,1.404,-1341,2.758,-5120,0,0,0,0
washingtondc,Deanwood,Washington,DC,,Successful,'2016-12-28',Successful,'2016-12-27',||,'2016-12-28',0.798,186,1.33,-322,2.32,-891,0,0,0,0,0,0,0.723,255,0.45,537,0,0,0,0,0,0,0,0,0.921,73,1.379,-370,2.361,-919,0,0,0,0,0,0,0,0,0,0,1.807,-545,0,0,0,0,0,0
washingtondc,Congress Heights,Washington,DC,,Successful,'2016-12-28',Successful,'2016-12-27',||,'2016-12-28',0.558,421,0.823,240,0.907,163,0,0,0,0,0,0,0.56,419,0.465,727,0.371,1098,0,0,0,0,0,0,0.555,424,0.897,140,0.895,184,0,0,0,0,0,0,0,0,1.074,-101,1.006,-10,0,0,0,0,0,0
washingtondc,Columbia Heights,Washington,DC,,Successful,'2016-12-28',Successful,'2016-12-27',||,'2016-12-28',1.454,-747,3.361,-2569,2.223,-2141,0.784,1128,2.616,-2828,2826.0,-5650,1.472,-778,3.474,-2692,2.467,-2567,0,0,0,0,0,0,1.204,-336,3.268,-2468,2.196,-2093,0.784,1128,2.616,-2828,2685.0,-5368,1.321,-529,3.729,-2969,2.613,-2823,0.618,1993,0,0,2967.5,-5933
washingtondc,Colonial Village,Washington,DC,,Successful,'2016-12-28',Successful,'2016-12-27',||,'2016-12-28',0,0,0,0,0,0,3.807,-3438,0,0,0,0,0,0,0,0,0,0,0,0,0,0,0,0,0,0,0,0,0,0,3.807,-3438,0,0,0,0,0,0,0,0,0,0,0,0,0,0,0,0
washingtondc,Cleveland Park,Washington,DC,,Successful,'2016-12-28',Successful,'2016-12-27',||,'2016-12-28',1.308,-577,1.616,-1593,1.728,-2739,3.86,-5968,6.323,-9315,4.235,-10829,1.312,-584,1.57,-1473,1.264,-993,0,0,0,0,0,0,1.062,-116,2.404,-3631,1.804,-3022,4.022,-6307,6.323,-9315,4.235,-10829,0,0,0,0,0,0,3.383,-4973,0,0,0,0
washingtondc,Chinatown,Washington,DC,,Successful,'2016-12-28',Successful,'2016-12-27',||,'2016-12-28',1.236,-552,1.306,-913,1.418,-1378,0,0,0,0,0,0,1.236,-552,1.306,-913,1.418,-1378,0,0,0,0,0,0,0,0,0,0,0,0,0,0,0,0,0,0,0,0,0,0,0,0,0,0,0,0,0,0
washingtondc,Cathedral Heights,Washington,DC,,Successful,'2016-12-28',Successful,'2016-12-27',||,'2016-12-28',1.213,-408,1.445,-1281,1.371,-1514,0,0,7.878,-5922,0,0,1.213,-408,1.415,-1193,1.281,-1146,0,0,4.762,-3239,0,0,1.213,-409,1.447,-1287,1.362,-1475,0,0,8.304,-6289,0,0,0,0,1.45,-1295,1.996,-4062,0,0,0,0,0,0
washingtondc,Capitol View,Washington,DC,,Successful,'2016-12-28',Successful,'2016-12-27',||,'2016-12-28',0,0,0.462,1256,0.576,1236,0,0,0,0,0,0,0,0,0,0,0,0,0,0,0,0,0,0,0,0,0.462,1256,0.524,1386,0,0,0,0,0,0,0,0,0,0,0.66,989,0,0,0,0,0,0
washingtondc,Capitol Hill,Washington,DC,,Successful,'2016-12-28',Successful,'2016-12-27',||,'2016-12-28',1.281,-517,1.568,-1285,1.319,-1109,2.222,-2993,0,0,1.57,-2769,1.277,-511,1.387,-875,2.161,-4036,0,0,0,0,0,0,1.159,-293,1.605,-1369,1.358,-1244,2.249,-3061,0,0,1.57,-2769,2.01,-1862,1.531,-1200,1.22,-764,2.028,-2518,0,0,0,0
washingtondc,Brookland,Washington,DC,,Successful,'2016-12-28',Successful,'2016-12-27',||,'2016-12-28',1.216,-303,1.569,-1016,2.309,-1945,1.447,-1257,0,0,0,0,1.216,-303,1.564,-1007,2.75,-2601,1.226,-636,0,0,0,0,0,0,1.693,-1238,2.092,-1622,1.458,-1289,0,0,0,0,0,0,0,0,3.185,-3247,1.42,-1180,0,0,0,0
washingtondc,Brightwood Park,Washington,DC,,Successful,'2016-12-28',Successful,'2016-12-27',||,'2016-12-28',2.457,-874,1.216,-395,3.052,-2052,0,0,0,0,0,0,2.437,-862,1.195,-357,0,0,0,0,0,0,0,0,3.165,-1299,1.286,-524,3.055,-2055,0,0,0,0,0,0,0,0,0,0,3.052,-2052,0,0,0,0,0,0
washingtondc,Brightwood,Washington,DC,,Successful,'2016-12-28',Successful,'2016-12-27',||,'2016-12-28',2.402,-841,1.27,-495,2.895,-1848,0,0,0,0,0,0,2.402,-841,1.026,-48,0,0,0,0,0,0,0,0,0,0,1.543,-995,2.898,-1851,0,0,0,0,0,0,0,0,1.27,-495,2.79,-1745,0,0,0,0,0,0
washingtondc,Brentwood,Washington,DC,,Successful,'2016-12-28',Successful,'2016-12-27',||,'2016-12-28',1.206,-304,1.298,-421,1.449,-694,1.926,-1293,0,0,0,0,1.206,-304,1.28,-396,0,0,2.165,-1627,0,0,0,0,0,0,0,0,1.449,-694,1.687,-960,0,0,0,0,0,0,1.316,-447,0,0,0,0,0,0,0,0
washingtondc,Benning,Washington,DC,,Successful,'2016-12-28',Successful,'2016-12-27',||,'2016-12-28',0.873,118,1.127,-127,1.122,-173,0,0,0,0,0,0,0.799,186,0.711,288,0,0,0,0,0,0,0,0,0.946,50,1.21,-209,1.122,-173,0,0,0,0,0,0,0,0,0,0,0,0,0,0,0,0,0,0
washingtondc,Anacostia,Washington,DC,,Successful,'2016-12-28',Successful,'2016-12-27',||,'2016-12-28',0.582,532,1.53,-384,0.633,1045,0,0,0,0,2.324,-1803,0.493,645,1.484,-351,0.616,1093,0,0,0,0,0,0,0.977,29,1.488,-354,0.599,1143,0,0,0,0,2.324,-1803,0,0,2.146,-831,0.77,655,0,0,0,0,0,0
washingtondc,American University Park,Washington,DC,,Successful,'2016-12-28',Successful,'2016-12-27',||,'2016-12-28',0,0,0,0,2.476,-3100,0,0,0,0,3.12,-7096,0,0,0,0,0,0,0,0,0,0,0,0,0,0,0,0,2.476,-3100,0,0,0,0,3.12,-7096,0,0,0,0,0,0,0,0,0,0,0,0
washingtondc,Adams Morgan,Washington,DC,,Successful,'2016-12-28',Successful,'2016-12-27',||,'2016-12-28',1.295,-572,1.352,-1065,1.72,-2377,2.864,-6990,0,0,0,0,1.282,-546,1.317,-960,0,0,3.682,-10059,0,0,0,0,1.728,-1411,1.394,-1191,1.75,-2474,2.272,-4771,0,0,0,0,1.338,-654,1.603,-1825,1.72,-2377,0,0,0,0,0,0
washingtondc,,Washington,DC,,Successful,'2016-12-28',Successful,'2016-12-27',||,'2016-12-28',0,0,0,0,0,0,0,0,0,0,0,0,0,0,0,0,0,0,0,0,0,0,0,0,0,0,0,0,0,0,0,0,0,0,0,0,0,0,0,0,0,0,0,0,0,0,0,0
richmond,Worthington,Richmond,VA,,Successful,'2016-12-28',Successful,'2016-12-27',||,'2016-12-28',0,0,0,0,0,0,0,0,0,0,0,0,0,0,0,0,0,0,0,0,0,0,0,0,0,0,0,0,0,0,0,0,0,0,0,0,0,0,0,0,0,0,0,0,0,0,0,0
richmond,Woodland Heights,Richmond,VA,,Successful,'2016-12-28',Successful,'2016-12-27',||,'2016-12-28',0,0,0,0,0,0,0,0,0,0,0,0,0,0,0,0,0,0,0,0,0,0,0,0,0,0,0,0,0,0,0,0,0,0,0,0,0,0,0,0,0,0,0,0,0,0,0,0
richmond,Woodhaven,Richmond,VA,,Successful,'2016-12-28',Successful,'2016-12-27',||,'2016-12-28',0,0,0,0,0,0,0,0,0,0,0,0,0,0,0,0,0,0,0,0,0,0,0,0,0,0,0,0,0,0,0,0,0,0,0,0,0,0,0,0,0,0,0,0,0,0,0,0
richmond,Wilton,Richmond,VA,,Successful,'2016-12-28',Successful,'2016-12-27',||,'2016-12-28',0.87,82,1.263,-178,4.251,-2828,0,0,0,0,0,0,0.87,82,1.263,-178,2.322,-1150,0,0,0,0,0,0,0,0,0,0,4.59,-3123,0,0,0,0,0,0,0,0,0,0,0,0,0,0,0,0,0,0
richmond,Willow Lawn,Richmond,VA,,Successful,'2016-12-28',Successful,'2016-12-27',||,'2016-12-28',0,0,0,0,2.288,-962,0,0,0,0,0,0,0,0,0,0,0,0,0,0,0,0,0,0,0,0,0,0,2.288,-962,0,0,0,0,0,0,0,0,0,0,0,0,0,0,0,0,0,0
richmond,Westhampton,Richmond,VA,,Successful,'2016-12-28',Successful,'2016-12-27',||,'2016-12-28',0,0,0,0,0,0,0,0,0,0,0,0,0,0,0,0,0,0,0,0,0,0,0,0,0,0,0,0,0,0,0,0,0,0,0,0,0,0,0,0,0,0,0,0,0,0,0,0
richmond,Washington Park,Richmond,VA,,Successful,'2016-12-28',Successful,'2016-12-27',||,'2016-12-28',0,0,0,0,0,0,0,0,0,0,0,0,0,0,0,0,0,0,0,0,0,0,0,0,0,0,0,0,0,0,0,0,0,0,0,0,0,0,0,0,0,0,0,0,0,0,0,0
richmond,Warwick,Richmond,VA,,Successful,'2016-12-28',Successful,'2016-12-27',||,'2016-12-28',0,0,0.319,579,0,0,1.044,-33,0,0,0,0,0,0,0,0,0,0,0,0,0,0,0,0,0,0,0.319,579,0,0,1.044,-33,0,0,0,0,0,0,0,0,0,0,0,0,0,0,0,0
richmond,Walmsley,Richmond,VA,,Successful,'2016-12-28',Successful,'2016-12-27',||,'2016-12-28',0,0,0,0,0,0,0,0,0,0,0,0,0,0,0,0,0,0,0,0,0,0,0,0,0,0,0,0,0,0,0,0,0,0,0,0,0,0,0,0,0,0,0,0,0,0,0,0
richmond,Union Hill,Richmond,VA,,Successful,'2016-12-28',Successful,'2016-12-27',||,'2016-12-28',0,0,0.82,121,0,0,0,0,0,0,0,0,0,0,0,0,0,0,0,0,0,0,0,0,0,0,0.82,121,0,0,0,0,0,0,0,0,0,0,0,0,0,0,0,0,0,0,0,0
richmond,The Fan,Richmond,VA,,Successful,'2016-12-28',Successful,'2016-12-27',||,'2016-12-28',0.915,85,0.956,55,1.971,-1239,1.935,-1632,0,0,0,0,0.915,85,0.932,84,1.842,-1075,1.292,-510,0,0,0,0,0,0,1.067,-83,1.982,-1253,2.254,-2189,0,0,0,0,0,0,0,0,0,0,0,0,0,0,0,0
richmond,Swansboro,Richmond,VA,,Successful,'2016-12-28',Successful,'2016-12-27',||,'2016-12-28',0,0,0,0,0,0,0,0,0,0,0,0,0,0,0,0,0,0,0,0,0,0,0,0,0,0,0,0,0,0,0,0,0,0,0,0,0,0,0,0,0,0,0,0,0,0,0,0
richmond,Stratford Hills,Richmond,VA,,Successful,'2016-12-28',Successful,'2016-12-27',||,'2016-12-28',0,0,1.183,-153,1.58,-505,0,0,0,0,0,0,0,0,1.171,-143,1.465,-405,0,0,0,0,0,0,0,0,1.244,-204,1.612,-533,0,0,0,0,0,0,0,0,0,0,0,0,0,0,0,0,0,0
richmond,Southampton,Richmond,VA,,Successful,'2016-12-28',Successful,'2016-12-27',||,'2016-12-28',0,0,0,0,0,0,0,0,0,0,0,0,0,0,0,0,0,0,0,0,0,0,0,0,0,0,0,0,0,0,0,0,0,0,0,0,0,0,0,0,0,0,0,0,0,0,0,0
richmond,South Richmond,Richmond,VA,,Successful,'2016-12-28',Successful,'2016-12-27',||,'2016-12-28',0,0,0.443,487,0.772,192,1.056,-42,0,0,0,0,0,0,0,0,0,0,0,0,0,0,0,0,0,0,0.443,487,0.772,192,1.056,-42,0,0,0,0,0,0,0,0,0,0,0,0,0,0,0,0
richmond,Shockoe Slip,Richmond,VA,,Successful,'2016-12-28',Successful,'2016-12-27',||,'2016-12-28',1.214,-217,1.582,-814,0,0,0,0,0,0,0,0,1.214,-217,1.582,-814,0,0,0,0,0,0,0,0,0,0,0,0,0,0,0,0,0,0,0,0,0,0,0,0,0,0,0,0,0,0,0,0
richmond,Shockoe Bottom,Richmond,VA,,Successful,'2016-12-28',Successful,'2016-12-27',||,'2016-12-28',0.746,284,0.808,270,2.751,-1133,0,0,0,0,0,0,0.746,284,0.816,259,2.096,-709,0,0,0,0,0,0,0,0,0.605,556,2.85,-1197,0,0,0,0,0,0,0,0,0,0,0,0,0,0,0,0,0,0
richmond,Rosedale,Richmond,VA,,Successful,'2016-12-28',Successful,'2016-12-27',||,'2016-12-28',0,0,3.567,-752,2.729,-799,0,0,0,0,0,0,0,0,0,0,0,0,0,0,0,0,0,0,0,0,3.567,-752,2.729,-799,0,0,0,0,0,0,0,0,0,0,0,0,0,0,0,0,0,0
richmond,Randolph,Richmond,VA,,Successful,'2016-12-28',Successful,'2016-12-27',||,'2016-12-28',0.745,180,0.658,294,2.009,-451,1.176,-202,0,0,0,0,0,0,0,0,2.414,-632,0,0,0,0,0,0,0.745,180,0.658,294,2.0,-447,1.176,-202,0,0,0,0,0,0,0,0,0,0,0,0,0,0,0,0
richmond,Providence Park,Richmond,VA,,Successful,'2016-12-28',Successful,'2016-12-27',||,'2016-12-28',0,0,0,0,0,0,0,0,0,0,0,0,0,0,0,0,0,0,0,0,0,0,0,0,0,0,0,0,0,0,0,0,0,0,0,0,0,0,0,0,0,0,0,0,0,0,0,0
richmond,Piney Knolls,Richmond,VA,,Successful,'2016-12-28',Successful,'2016-12-27',||,'2016-12-28',0,0,0,0,0,0,0,0,0,0,0,0,0,0,0,0,0,0,0,0,0,0,0,0,0,0,0,0,0,0,0,0,0,0,0,0,0,0,0,0,0,0,0,0,0,0,0,0
richmond,Oxford,Richmond,VA,,Successful,'2016-12-28',Successful,'2016-12-27',||,'2016-12-28',0,0,0,0,0,0,0,0,0,0,0,0,0,0,0,0,0,0,0,0,0,0,0,0,0,0,0,0,0,0,0,0,0,0,0,0,0,0,0,0,0,0,0,0,0,0,0,0
richmond,Oakwood,Richmond,VA,,Successful,'2016-12-28',Successful,'2016-12-27',||,'2016-12-28',0,0,0,0,0,0,0,0,0,0,0,0,0,0,0,0,0,0,0,0,0,0,0,0,0,0,0,0,0,0,0,0,0,0,0,0,0,0,0,0,0,0,0,0,0,0,0,0
richmond,Northrop,Richmond,VA,,Successful,'2016-12-28',Successful,'2016-12-27',||,'2016-12-28',0,0,0,0,0,0,0,0,0,0,0,0,0,0,0,0,0,0,0,0,0,0,0,0,0,0,0,0,0,0,0,0,0,0,0,0,0,0,0,0,0,0,0,0,0,0,0,0
richmond,North Highland Park,Richmond,VA,,Successful,'2016-12-28',Successful,'2016-12-27',||,'2016-12-28',0,0,0.729,88,0.329,597,0,0,0,0,0,0,0,0,0,0,0.073,825,0,0,0,0,0,0,0,0,0.729,88,0.333,594,0,0,0,0,0,0,0,0,0,0,0,0,0,0,0,0,0,0
richmond,Monroe Ward,Richmond,VA,,Successful,'2016-12-28',Successful,'2016-12-27',||,'2016-12-28',0.645,320,0,0,0,0,0,0,0,0,0,0,0.645,320,0,0,0,0,0,0,0,0,0,0,0,0,0,0,0,0,0,0,0,0,0,0,0,0,0,0,0,0,0,0,0,0,0,0
richmond,McGuire,Richmond,VA,,Successful,'2016-12-28',Successful,'2016-12-27',||,'2016-12-28',0,0,0.861,59,0.886,51,0,0,0,0,0,0,0,0,0,0,0,0,0,0,0,0,0,0,0,0,0.861,59,0.886,51,0,0,0,0,0,0,0,0,0,0,0,0,0,0,0,0,0,0
richmond,Manchester,Richmond,VA,,Successful,'2016-12-28',Successful,'2016-12-27',||,'2016-12-28',0,0,0.485,648,0.811,207,1.143,-157,2.621,-825,0,0,0,0,0.476,659,0.522,524,0.567,476,0,0,0,0,0,0,0.61,490,0.85,165,1.155,-171,2.621,-825,0,0,0,0,0,0,0,0,0,0,0,0,0,0
richmond,Malvern Gardens,Richmond,VA,,Successful,'2016-12-28',Successful,'2016-12-27',||,'2016-12-28',0,0,0,0,0,0,0,0,0,0,0,0,0,0,0,0,0,0,0,0,0,0,0,0,0,0,0,0,0,0,0,0,0,0,0,0,0,0,0,0,0,0,0,0,0,0,0,0
richmond,Laburnum Park,Richmond,VA,,Successful,'2016-12-28',Successful,'2016-12-27',||,'2016-12-28',0,0,0,0,3.973,-1338,0,0,0,0,0,0,0,0,0,0,3.973,-1338,0,0,0,0,0,0,0,0,0,0,4.64,-1638,0,0,0,0,0,0,0,0,0,0,0,0,0,0,0,0,0,0
richmond,Jahnke,Richmond,VA,,Successful,'2016-12-28',Successful,'2016-12-27',||,'2016-12-28',0,0,2.012,-415,0,0,0,0,0,0,0,0,0,0,0,0,0,0,0,0,0,0,0,0,0,0,2.012,-415,0,0,0,0,0,0,0,0,0,0,0,0,0,0,0,0,0,0,0,0
richmond,Jackson Ward,Richmond,VA,,Successful,'2016-12-28',Successful,'2016-12-27',||,'2016-12-28',2.095,-520,1.015,-14,1.172,-148,0,0,0,0,0,0,2.095,-520,1.146,-134,1.873,-751,0,0,0,0,0,0,0,0,0.966,31,1.159,-137,0,0,0,0,0,0,0,0,0,0,0,0,0,0,0,0,0,0
richmond,Huguenot,Richmond,VA,,Successful,'2016-12-28',Successful,'2016-12-27',||,'2016-12-28',1.622,-276,0.793,210,0,0,2.222,-794,0,0,0,0,1.622,-276,0.752,252,0,0,2.966,-1278,0,0,0,0,0,0,1.392,-398,0,0,2.217,-791,0,0,0,0,0,0,0,0,0,0,0,0,0,0,0,0
richmond,Highland Terrace,Richmond,VA,,Successful,'2016-12-28',Successful,'2016-12-27',||,'2016-12-28',0,0,0.617,171,0,0,0,0,0,0,0,0,0,0,0,0,0,0,0,0,0,0,0,0,0,0,0.617,171,0,0,0,0,0,0,0,0,0,0,0,0,0,0,0,0,0,0,0,0
richmond,Green Park,Richmond,VA,,Successful,'2016-12-28',Successful,'2016-12-27',||,'2016-12-28',0,0,0.165,918,0.203,862,0,0,0,0,0,0,0,0,0,0,0,0,0,0,0,0,0,0,0,0,0.165,918,0.203,862,0,0,0,0,0,0,0,0,0,0,0,0,0,0,0,0,0,0
richmond,Gravel Hill,Richmond,VA,,Successful,'2016-12-28',Successful,'2016-12-27',||,'2016-12-28',0,0,0,0,0,0,0,0,0,0,0,0,0,0,0,0,0,0,0,0,0,0,0,0,0,0,0,0,0,0,0,0,0,0,0,0,0,0,0,0,0,0,0,0,0,0,0,0
richmond,Ginter Park,Richmond,VA,,Successful,'2016-12-28',Successful,'2016-12-27',||,'2016-12-28',0,0,0,0,2.762,-793,5.877,-1829,0,0,0,0,0,0,0,0,0,0,0,0,0,0,0,0,0,0,0,0,2.762,-793,5.877,-1829,0,0,0,0,0,0,0,0,0,0,0,0,0,0,0,0
richmond,Forest Hill,Richmond,VA,,Successful,'2016-12-28',Successful,'2016-12-27',||,'2016-12-28',0,0,1.556,-438,2.149,-754,3.438,-1463,0,0,0,0,0,0,0,0,0,0,0,0,0,0,0,0,0,0,1.556,-438,2.149,-754,3.438,-1463,0,0,0,0,0,0,0,0,0,0,0,0,0,0,0,0
richmond,Fairmount,Richmond,VA,,Successful,'2016-12-28',Successful,'2016-12-27',||,'2016-12-28',0,0,0.127,835,0,0,0,0,0,0,0,0,0,0,0,0,0,0,0,0,0,0,0,0,0,0,0.127,835,0,0,0,0,0,0,0,0,0,0,0,0,0,0,0,0,0,0,0,0
richmond,Fairfield,Richmond,VA,,Successful,'2016-12-28',Successful,'2016-12-27',||,'2016-12-28',0,0,0.241,673,0,0,0,0,0,0,0,0,0,0,0,0,0,0,0,0,0,0,0,0,0,0,0.241,673,0,0,0,0,0,0,0,0,0,0,0,0,0,0,0,0,0,0,0,0
richmond,Edgewood,Richmond,VA,,Successful,'2016-12-28',Successful,'2016-12-27',||,'2016-12-28',0,0,0.417,433,2.033,-373,0,0,0,0,0,0,0,0,0,0,0,0,0,0,0,0,0,0,0,0,0.417,433,2.033,-373,0,0,0,0,0,0,0,0,0,0,0,0,0,0,0,0,0,0
richmond,Eastview,Richmond,VA,,Successful,'2016-12-28',Successful,'2016-12-27',||,'2016-12-28',0,0,0,0,0,0,0,0,0,0,0,0,0,0,0,0,0,0,0,0,0,0,0,0,0,0,0,0,0,0,0,0,0,0,0,0,0,0,0,0,0,0,0,0,0,0,0,0
richmond,Creighton,Richmond,VA,,Successful,'2016-12-28',Successful,'2016-12-27',||,'2016-12-28',0,0,0,0,0,0,0,0,0,0,0,0,0,0,0,0,0,0,0,0,0,0,0,0,0,0,0,0,0,0,0,0,0,0,0,0,0,0,0,0,0,0,0,0,0,0,0,0
richmond,Colonial Place,Richmond,VA,,Successful,'2016-12-28',Successful,'2016-12-27',||,'2016-12-28',0,0,3.106,-653,4.251,-1593,3.116,-1585,0,0,0,0,0,0,3.09,-648,0,0,0,0,0,0,0,0,0,0,4.319,-1029,4.251,-1593,3.116,-1585,0,0,0,0,0,0,0,0,0,0,0,0,0,0,0,0
richmond,City Center,Richmond,VA,,Successful,'2016-12-28',Successful,'2016-12-27',||,'2016-12-28',0.778,223,1.039,-45,2.137,-812,0,0,0,0,0,0,0.778,223,1.039,-45,0,0,0,0,0,0,0,0,0,0,0,0,2.137,-812,0,0,0,0,0,0,0,0,0,0,0,0,0,0,0,0,0,0
richmond,Church Hill,Richmond,VA,,Successful,'2016-12-28',Successful,'2016-12-27',||,'2016-12-28',0.977,26,1.515,-442,2.783,-1002,3.593,-1556,0,0,0,0,0.977,26,1.515,-442,2.875,-1054,0,0,0,0,0,0,0,0,1.577,-495,2.733,-974,3.593,-1556,0,0,0,0,0,0,0,0,0,0,0,0,0,0,0,0
richmond,Chimborazo,Richmond,VA,,Successful,'2016-12-28',Successful,'2016-12-27',||,'2016-12-28',0.166,417,0.974,21,1.341,-290,0,0,0,0,0,0,0,0,1.601,-488,0,0,0,0,0,0,0,0,0.166,417,0.799,163,1.341,-290,0,0,0,0,0,0,0,0,0,0,0,0,0,0,0,0,0,0
richmond,Cherry Gardens,Richmond,VA,,Successful,'2016-12-28',Successful,'2016-12-27',||,'2016-12-28',0,0,0,0,0,0,0,0,0,0,0,0,0,0,0,0,0,0,0,0,0,0,0,0,0,0,0,0,0,0,0,0,0,0,0,0,0,0,0,0,0,0,0,0,0,0,0,0
richmond,Carytown,Richmond,VA,,Successful,'2016-12-28',Successful,'2016-12-27',||,'2016-12-28',0,0,0.967,41,1.018,-24,1.613,-703,0.937,124,0,0,0,0,1.107,-134,0.997,4,0,0,0,0,0,0,0,0,0.775,281,1.023,-30,1.613,-703,0.937,124,0,0,0,0,0,0,0,0,0,0,0,0,0,0
richmond,Carver,Richmond,VA,,Successful,'2016-12-28',Successful,'2016-12-27',||,'2016-12-28',0.888,93,0.829,176,1.043,-39,2.072,-763,0,0,0,0,0.888,93,0,0,1.24,-216,0,0,0,0,0,0,1.081,-67,0.829,176,1.036,-32,2.072,-763,0,0,0,0,0,0,0,0,0,0,0,0,0,0,0,0
richmond,Carillon,Richmond,VA,,Successful,'2016-12-28',Successful,'2016-12-27',||,'2016-12-28',0,0,0,0,0,0,0,0,0,0,0,0,0,0,0,0,0,0,0,0,0,0,0,0,0,0,0,0,0,0,0,0,0,0,0,0,0,0,0,0,0,0,0,0,0,0,0,0
richmond,Byrd Park,Richmond,VA,,Successful,'2016-12-28',Successful,'2016-12-27',||,'2016-12-28',1.423,-423,0.673,411,0,0,0.789,430,0,0,0,0,0,0,0.719,354,0,0,0,0,0,0,0,0,1.423,-423,0.633,462,0,0,0.789,430,0,0,0,0,0,0,0,0,0,0,0,0,0,0,0,0
richmond,Brookbury,Richmond,VA,,Successful,'2016-12-28',Successful,'2016-12-27',||,'2016-12-28',0,0,0,0,0,0,0,0,0,0,0,0,0,0,0,0,0,0,0,0,0,0,0,0,0,0,0,0,0,0,0,0,0,0,0,0,0,0,0,0,0,0,0,0,0,0,0,0
richmond,Broad Rock,Richmond,VA,,Successful,'2016-12-28',Successful,'2016-12-27',||,'2016-12-28',0,0,0.174,698,0.394,265,0,0,0,0,0,0,0,0,0,0,0,0,0,0,0,0,0,0,0,0,0.174,698,0.394,265,0,0,0,0,0,0,0,0,0,0,0,0,0,0,0,0,0,0
richmond,Blackwell,Richmond,VA,,Successful,'2016-12-28',Successful,'2016-12-27',||,'2016-12-28',0,0,0.442,174,0,0,0,0,0,0,0,0,0,0,0,0,0,0,0,0,0,0,0,0,0,0,0.442,174,0,0,0,0,0,0,0,0,0,0,0,0,0,0,0,0,0,0,0,0
richmond,Belmont Woods,Richmond,VA,,Successful,'2016-12-28',Successful,'2016-12-27',||,'2016-12-28',0,0,0,0,0,0,0,0,0,0,0,0,0,0,0,0,0,0,0,0,0,0,0,0,0,0,0,0,0,0,0,0,0,0,0,0,0,0,0,0,0,0,0,0,0,0,0,0
richmond,Bellemeade,Richmond,VA,,Successful,'2016-12-28',Successful,'2016-12-27',||,'2016-12-28',0,0,0,0,0.288,614,0,0,0,0,0,0,0,0,0,0,0,0,0,0,0,0,0,0,0,0,0,0,0.288,614,0,0,0,0,0,0,0,0,0,0,0,0,0,0,0,0,0,0
richmond,,Bon Air,VA,,Successful,'2016-12-28',Successful,'2016-12-27',||,'2016-12-28',0.389,520,1.023,-21,1.004,-5,0,0,2.485,-836,0,0,0,0,0.587,383,0.828,193,0,0,1.881,-496,0,0,0.389,520,1.066,-61,1.016,-18,0,0,3.062,-1161,0,0,0,0,0,0,0,0,0,0,0,0,0,0
richmond,,Chamberlayne,VA,,Successful,'2016-12-28',Successful,'2016-12-27',||,'2016-12-28',0,0,1.92,-379,0,0,0,0,0,0,0,0,0,0,0,0,0,0,0,0,0,0,0,0,0,0,1.92,-379,0,0,0,0,0,0,0,0,0,0,0,0,0,0,0,0,0,0,0,0
richmond,,Chesterfield County,VA,,Successful,'2016-12-28',Successful,'2016-12-27',||,'2016-12-28',0,0,1.177,-165,0.892,127,2.579,-884,0,0,0,0,0,0,1.177,-165,1.028,-33,2.989,-1114,0,0,0,0,0,0,1.727,-677,0.858,166,2.573,-881,0,0,0,0,0,0,0,0,0,0,0,0,0,0,0,0
richmond,,Dumbarton,VA,,Successful,'2016-12-28',Successful,'2016-12-27',||,'2016-12-28',0,0,0.878,54,1.517,-292,0,0,2.47,-748,0,0,0,0,0.837,72,2.071,-605,0,0,0,0,0,0,0,0,1.939,-416,1.508,-287,0,0,2.47,-748,0,0,0,0,0,0,0,0,0,0,0,0,0,0
richmond,,East Highland Park,VA,,Successful,'2016-12-28',Successful,'2016-12-27',||,'2016-12-28',0,0,0,0,1.429,-211,0,0,0,0,0,0,0,0,0,0,1.148,-73,0,0,0,0,0,0,0,0,0,0,1.453,-223,0,0,0,0,0,0,0,0,0,0,0,0,0,0,0,0,0,0
richmond,,Glen Allen,VA,,Successful,'2016-12-28',Successful,'2016-12-27',||,'2016-12-28',2.575,-1359,0.657,367,1.056,-72,0.956,72,3.639,-1343,0,0,0,0,0.653,371,1.141,-180,0,0,0,0,0,0,2.575,-1359,2.3,-1391,0.926,95,0.956,72,3.639,-1343,0,0,0,0,0,0,0,0,0,0,0,0,0,0
richmond,,Henrico County,VA,,Successful,'2016-12-28',Successful,'2016-12-27',||,'2016-12-28',2.302,-983,0.949,44,0.919,97,1.904,-746,0,0,0,0,1.437,-330,1.093,-80,1.06,-72,3.116,-1746,0,0,0,0,3.167,-1636,0.736,228,0.861,166,1.893,-737,0,0,0,0,0,0,0,0,1.498,-595,0,0,0,0,0,0
richmond,,Highland Springs,VA,,Successful,'2016-12-28',Successful,'2016-12-27',||,'2016-12-28',0,0,0.426,495,0.81,159,2.178,-443,0,0,0,0,0,0,0.248,648,0.539,386,0,0,0,0,0,0,0,0,0.458,467,0.843,131,2.178,-443,0,0,0,0,0,0,0,0,0,0,0,0,0,0,0,0
richmond,,Lakeside,VA,,Successful,'2016-12-28',Successful,'2016-12-27',||,'2016-12-28',0,0,0.71,315,0.855,161,2.651,-619,0,0,0,0,0,0,0,0,1.404,-447,0,0,0,0,0,0,0,0,0.71,315,0.845,172,2.651,-619,0,0,0,0,0,0,0,0,0,0,0,0,0,0,0,0
richmond,,Mechanicsville,VA,,Successful,'2016-12-28',Successful,'2016-12-27',||,'2016-12-28',0,0,1.022,-22,1.1,-109,1.859,-666,3.481,-1330,0,0,0,0,1.469,-460,1.277,-302,2.21,-938,0,0,0,0,0,0,0.821,176,1.029,-32,1.774,-600,3.481,-1330,0,0,0,0,0,0,0,0,0,0,0,0,0,0
richmond,,Montrose,VA,,Successful,'2016-12-28',Successful,'2016-12-27',||,'2016-12-28',0,0,0,0,0,0,0,0,0,0,0,0,0,0,0,0,0,0,0,0,0,0,0,0,0,0,0,0,0,0,0,0,0,0,0,0,0,0,0,0,0,0,0,0,0,0,0,0
richmond,,Richmond,VA,,Successful,'2016-12-28',Successful,'2016-12-27',||,'2016-12-28',0.922,73,0.856,142,1.052,-58,1.312,-403,1.802,-1132,0,0,0.922,73,0.971,29,1.301,-334,1.312,-403,0,0,0,0,0,0,0.742,255,1.009,-10,1.312,-403,1.802,-1132,0,0,0,0,0,0,0,0,0,0,0,0,0,0
richmond,,Sandston,VA,,Successful,'2016-12-28',Successful,'2016-12-27',||,'2016-12-28',0,0,0,0,1.609,-272,0,0,0,0,0,0,0,0,0,0,0,0,0,0,0,0,0,0,0,0,0,0,1.609,-272,0,0,0,0,0,0,0,0,0,0,0,0,0,0,0,0,0,0
richmond,,Short Pump,VA,,Successful,'2016-12-28',Successful,'2016-12-27',||,'2016-12-28',0,0,1.099,-107,1.3,-390,1.35,-586,1.31,-613,0,0,0,0,1.099,-107,1.291,-378,1.417,-699,0,0,0,0,0,0,0,0,1.337,-438,1.307,-514,1.31,-613,0,0,0,0,0,0,0,0,0,0,0,0,0,0
richmond,,Tuckahoe,VA,,Successful,'2016-12-28',Successful,'2016-12-27',||,'2016-12-28',0,0,1.01,-10,2.698,-827,0,0,6.717,-2910,0,0,0,0,1.01,-10,3.565,-1249,0,0,0,0,0,0,0,0,1.01,-10,2.634,-796,0,0,6.717,-2910,0,0,0,0,0,0,0,0,0,0,0,0,0,0
richmond,,Wyndham,VA,,Successful,'2016-12-28',Successful,'2016-12-27',||,'2016-12-28',0,0,0,0,4.044,-2228,0,0,0,0,0,0,0,0,0,0,4.111,-2277,0,0,0,0,0,0,0,0,0,0,2.053,-771,0,0,0,0,0,0,0,0,0,0,0,0,0,0,0,0,0,0
richmond,,Chester,VA,,Successful,'2016-12-28',Successful,'2016-12-27',||,'2016-12-28',0,0,1.668,-667,0.912,99,0.93,93,2.172,-762,0,0,0,0,1.668,-667,0.878,137,0.708,390,0,0,0,0,0,0,0,0,0.918,92,0.93,93,2.172,-762,0,0,0,0,0,0,0,0,0,0,0,0,0,0
richmond,,Midlothian,VA,,Successful,'2016-12-28',Successful,'2016-12-27',||,'2016-12-28',1.146,-124,1.296,-294,1.039,-46,1.486,-546,4.503,-1972,0,0,1.146,-124,1.296,-294,1.099,-116,1.418,-470,0,0,0,0,0,0,1.489,-486,0.932,79,1.535,-601,4.503,-1972,0,0,0,0,0,0,0,0,0,0,0,0,0,0
norfolk,Suburban,Norfolk,VA,,Successful,'2016-12-28',Successful,'2016-12-27',||,'2016-12-28',0,0,0,0,0,0,0,0,0,0,0,0,0,0,0,0,0,0,0,0,0,0,0,0,0,0,0,0,0,0,0,0,0,0,0,0,0,0,0,0,0,0,0,0,0,0,0,0
norfolk,South Bayview,Norfolk,VA,,Successful,'2016-12-28',Successful,'2016-12-27',||,'2016-12-28',0,0,0,0,0,0,0,0,0,0,0,0,0,0,0,0,0,0,0,0,0,0,0,0,0,0,0,0,0,0,0,0,0,0,0,0,0,0,0,0,0,0,0,0,0,0,0,0
norfolk,Rosemont,Norfolk,VA,,Successful,'2016-12-28',Successful,'2016-12-27',||,'2016-12-28',0,0,0,0,1.965,-663,0,0,0,0,0,0,0,0,0,0,0,0,0,0,0,0,0,0,0,0,0,0,1.965,-663,0,0,0,0,0,0,0,0,0,0,0,0,0,0,0,0,0,0
norfolk,Roland Park,Norfolk,VA,,Successful,'2016-12-28',Successful,'2016-12-27',||,'2016-12-28',0,0,0,0,0,0,0,0,0,0,0,0,0,0,0,0,0,0,0,0,0,0,0,0,0,0,0,0,0,0,0,0,0,0,0,0,0,0,0,0,0,0,0,0,0,0,0,0
norfolk,Ghent,Norfolk,VA,,Successful,'2016-12-28',Successful,'2016-12-27',||,'2016-12-28',0.254,904,0.761,359,1.121,-186,0,0,0,0,0,0,0,0,0,0,0,0,0,0,0,0,0,0,0.254,904,0.761,359,1.121,-186,0,0,0,0,0,0,0,0,0,0,0,0,0,0,0,0,0,0
norfolk,Downtown Norfolk,Norfolk,VA,,Successful,'2016-12-28',Successful,'2016-12-27',||,'2016-12-28',0.902,115,0.929,103,2.217,-1815,2.283,-1636,0,0,0,0,0,0,0,0,0,0,0,0,0,0,0,0,0.902,115,0.929,103,2.217,-1815,2.283,-1636,0,0,0,0,0,0,0,0,0,0,0,0,0,0,0,0
norfolk,Cottage Road Park,Norfolk,VA,,Successful,'2016-12-28',Successful,'2016-12-27',||,'2016-12-28',0,0,0,0,0,0,0,0,0,0,0,0,0,0,0,0,0,0,0,0,0,0,0,0,0,0,0,0,0,0,0,0,0,0,0,0,0,0,0,0,0,0,0,0,0,0,0,0
norfolk,,Chesapeake,VA,,Successful,'2016-12-28',Successful,'2016-12-27',||,'2016-12-28',0,0,0.783,249,0.899,141,1.205,-308,2.421,-1509,0,0,0,0,0,0,0,0,0,0,0,0,0,0,0,0,0.783,249,0.899,141,1.205,-308,2.421,-1509,0,0,0,0,0,0,0,0,0,0,0,0,0,0
norfolk,,Hampton,VA,,Successful,'2016-12-28',Successful,'2016-12-27',||,'2016-12-28',0.275,675,0.383,569,0.804,209,0.759,358,1.301,-286,0,0,0,0,0,0,0,0,0,0,0,0,0,0,0.275,675,0.383,569,0.804,209,0.759,358,1.301,-286,0,0,0,0,0,0,0,0,0,0,0,0,0,0
norfolk,,Newport News,VA,,Successful,'2016-12-28',Successful,'2016-12-27',||,'2016-12-28',0.247,714,0.567,378,1.03,-26,0.794,309,1.426,-479,0,0,0,0,0,0,0,0,0,0,0,0,0,0,0.247,714,0.567,378,1.03,-26,0.794,309,1.426,-479,0,0,0,0,0,0,0,0,0,0,0,0,0,0
norfolk,,Norfolk,VA,,Successful,'2016-12-28',Successful,'2016-12-27',||,'2016-12-28',0,0,0.826,174,0.692,377,0.776,392,1.037,-47,0,0,0,0,0,0,0,0,0,0,0,0,0,0,0,0,0.816,184,0.692,377,0.792,364,1.037,-47,0,0,0,0,0,0,0,0,0,0,0,0,0,0
norfolk,,Portsmouth,VA,,Successful,'2016-12-28',Successful,'2016-12-27',||,'2016-12-28',0.317,753,0.348,551,0.746,254,0.795,266,1.81,-648,0,0,0,0,0,0,0,0,0,0,0,0,0,0,0.317,753,0.348,551,0.746,254,0.799,261,1.81,-648,0,0,0,0,0,0,0,0,0,0,0,0,0,0
norfolk,,Suffolk,VA,,Successful,'2016-12-28',Successful,'2016-12-27',||,'2016-12-28',0,0,0.402,744,1.128,-133,0.942,93,2.366,-1093,0,0,0,0,0,0,0,0,0,0,0,0,0,0,0,0,0.402,744,1.128,-133,0.942,93,2.366,-1093,0,0,0,0,0,0,0,0,0,0,0,0,0,0
norfolk,,Virginia Beach,VA,,Successful,'2016-12-28',Successful,'2016-12-27',||,'2016-12-28',0,0,1.023,-24,1.01,-14,1.139,-209,1.409,-870,0,0,0,0,0,0,0,0,0,0,0,0,0,0,0,0,1.023,-24,1.01,-14,1.139,-209,1.409,-870,0,0,0,0,0,0,0,0,0,0,0,0,0,0
norfolk,,Williamsburg,VA,,Successful,'2016-12-28',Successful,'2016-12-27',||,'2016-12-28',0.656,293,1.006,-6,1.254,-342,1.547,-957,0,0,0,0,0.596,344,0.415,541,1.314,-423,0,0,0,0,0,0,0.716,242,1.023,-21,1.245,-330,1.547,-957,0,0,0,0,0,0,0,0,0,0,0,0,0,0,0,0
fredericksburg,,Fredericksburg,VA,,Successful,'2016-12-28',Successful,'2016-12-27',||,'2016-12-28',0.887,106,0.973,29,1.269,-348,1.314,-493,1.127,-263,0,0,0,0,1.472,-498,0.371,813,0,0,0,0,0,0,0.887,106,1.127,-134,1.268,-346,1.315,-494,1.127,-263,0,0,0,0,0.611,410,1.291,-376,0.973,43,0,0,0,0
charlottesville,,Charlottesville,VA,,Successful,'2016-12-28',Successful,'2016-12-27',||,'2016-12-28',0,0,0.861,166,1.178,-245,0.852,325,0,0,0,0,0,0,0,0,0,0,0,0,0,0,0,0,0,0,0.861,166,1.178,-245,0.852,325,0,0,0,0,0,0,0,0,0,0,0,0,0,0,0,0
sanfrancisco,Chinatown,San Francisco,CA,,Successful,'2016-12-28',Successful,'2016-12-27',||,'2016-12-28',0,0,1.02,-82,0,0,0,0,0,0,0,0,0,0,1.02,-82,0,0,0,0,0,0,0,0,0,0,0,0,0,0,0,0,0,0,0,0,0,0,0,0,0,0,0,0,0,0,0,0
sanfrancisco,Castro,San Francisco,CA,,Successful,'2016-12-28',Successful,'2016-12-27',||,'2016-12-28',2.726,-3275,3.088,-5064,2.832,-5495,0,0,0,0,0,0,2.726,-3275,3.016,-4889,2.426,-4277,0,0,0,0,0,0,0,0,5.361,-10576,4.71,-11131,0,0,0,0,0,0,0,0,0,0,0,0,0,0,0,0,0,0
sanfrancisco,Tenderloin,San Francisco,CA,,Successful,'2016-12-28',Successful,'2016-12-27',||,'2016-12-28',1.7,-1716,4.34,-4676,0,0,0,0,0,0,0,0,1.7,-1716,4.34,-4676,0,0,0,0,0,0,0,0,0,0,0,0,0,0,0,0,0,0,0,0,0,0,0,0,0,0,0,0,0,0,0,0
sanfrancisco,North Beach,San Francisco,CA,,Successful,'2016-12-28',Successful,'2016-12-27',||,'2016-12-28',1.386,-1260,1.499,-2221,1.964,-5132,1.96,-5233,0,0,0,0,1.386,-1260,1.499,-2221,1.964,-5132,0,0,0,0,0,0,0,0,0,0,0,0,1.96,-5233,0,0,0,0,0,0,0,0,0,0,0,0,0,0,0,0
sanfrancisco,Russian Hill,San Francisco,CA,,Successful,'2016-12-28',Successful,'2016-12-27',||,'2016-12-28',1.488,-1623,2.053,-4421,2.299,-8928,1.466,-5652,8.251,-41499,0,0,1.488,-1623,1.935,-3926,2.219,-8377,1.119,-1441,0,0,0,0,0,0,3.204,-9254,2.326,-9114,2.027,-12449,8.251,-41499,0,0,0,0,2.793,-7530,2.297,-8914,1.303,-3674,0,0,0,0
sanfrancisco,Telegraph Hill,San Francisco,CA,,Successful,'2016-12-28',Successful,'2016-12-27',||,'2016-12-28',1.265,-889,1.422,-1982,2.715,-14149,3.443,-27120,0,0,0,0,1.333,-1115,1.422,-1982,3.238,-18459,1.795,-8825,0,0,0,0,0,0,0,0,0,0,5.091,-45415,0,0,0,0,1.13,-437,0,0,2.193,-9839,0,0,0,0,0,0
sanfrancisco,Nob Hill,San Francisco,CA,,Successful,'2016-12-28',Successful,'2016-12-27',||,'2016-12-28',1.636,-1890,1.77,-3105,1.595,-4735,3.257,-17088,0,0,0,0,1.584,-1734,1.753,-3034,1.391,-3112,1.139,-1049,0,0,0,0,0,0,0,0,4.716,-29564,5.376,-33128,0,0,0,0,1.912,-2709,2.21,-4879,0,0,0,0,0,0,0,0
sanfrancisco,Richmond,San Francisco,CA,,Successful,'2016-12-28',Successful,'2016-12-27',||,'2016-12-28',0.747,526,0.704,844,0.857,444,0.948,161,0.577,3169,0,0,0.747,526,0.827,493,0,0,0,0,0,0,0,0,0,0,0.684,900,0.843,486,0.948,161,0.577,3169,0,0,0,0,0.891,312,0.893,331,0,0,0,0,0,0
sanfrancisco,Civic Center,San Francisco,CA,,Successful,'2016-12-28',Successful,'2016-12-27',||,'2016-12-28',1.878,-2299,1.401,-1569,0,0,0,0,0,0,0,0,1.878,-2299,1.401,-1569,0,0,0,0,0,0,0,0,0,0,0,0,0,0,0,0,0,0,0,0,0,0,0,0,0,0,0,0,0,0,0,0
sanfrancisco,Noe Valley,San Francisco,CA,,Successful,'2016-12-28',Successful,'2016-12-27',||,'2016-12-28',1.453,-1343,1.98,-3896,1.857,-5112,1.896,-8684,0,0,0,0,1.429,-1272,1.752,-2991,1.532,-3176,0,0,0,0,0,0,4.239,-9610,2.53,-6081,2.015,-6059,1.896,-8684,0,0,0,0,0,0,0,0,1.989,-5903,0,0,0,0,0,0
washingtondc,,Washington,DC,,Successful,'2016-12-28',Successful,'2016-12-27',||,'2016-12-28',0,0,0,0,0,0,0,0,0,0,0,0,0,0,0,0,0,0,0,0,0,0,0,0,0,0,0,0,0,0,0,0,0,0,0,0,0,0,0,0,0,0,0,0,0,0,0,0
washingtondc,,Washington,DC,20002,Successful,'2016-12-28',Successful,'2016-12-27',||,'2016-12-28',1.416,-697,1.432,-939,1.317,-860,2.202,-2407,3.124,-5044,2.18,-4131,1.403,-675,1.301,-654,1.612,-1659,0,0,0,0,0,0,1.592,-991,1.501,-1090,1.282,-764,2.237,-2477,3.124,-5044,2.18,-4131,2.909,-3197,0.949,112,1.273,-741,2.032,-2067,3.356,-5595,0,0
washingtondc,,Washington,DC,20003,Successful,'2016-12-28',Successful,'2016-12-27',||,'2016-12-28',1.123,-233,1.523,-1255,2.673,-2830,0,0,0,0,0,0,1.123,-233,1.567,-1360,3.059,-3484,0,0,0,0,0,0,1.114,-216,1.507,-1216,2.671,-2827,0,0,0,0,0,0,0,0,1.448,-1076,2.71,-2894,0,0,0,0,0,0
washingtondc,,Washington,DC,20004,Successful,'2016-12-28',Successful,'2016-12-27',||,'2016-12-28',1.443,-930,1.201,-720,24.741,-7241,0,0,0,0,0,0,1.444,-932,1.201,-720,24.741,-7241,0,0,0,0,0,0,1.302,-634,0,0,0,0,0,0,0,0,0,0,0,0,0,0,0,0,0,0,0,0,0,0
washingtondc,,Washington,DC,20006,Successful,'2016-12-28',Successful,'2016-12-27',||,'2016-12-28',0,0,11.39,-5195,0,0,0,0,0,0,0,0,0,0,11.39,-5195,0,0,0,0,0,0,0,0,0,0,0,0,0,0,0,0,0,0,0,0,0,0,0,0,0,0,0,0,0,0,0,0
washingtondc,,Washington,DC,20007,Successful,'2016-12-28',Successful,'2016-12-27',||,'2016-12-28',1.15,-280,1.636,-1725,2.449,-3703,2.04,-3990,0,0,2.259,-4940,1.15,-280,1.496,-1344,2.455,-3717,0,0,0,0,0,0,2.154,-2149,1.934,-2533,2.366,-3490,2.201,-4608,0,0,2.351,-5304,0,0,1.513,-1392,2.698,-4338,1.376,-1444,0,0,1.548,-2151
washingtondc,,Washington,DC,20008,Successful,'2016-12-28',Successful,'2016-12-27',||,'2016-12-28',1.292,-556,1.348,-995,3.535,-4576,3.447,-5384,0,0,0,0,1.311,-592,1.348,-994,3.503,-4518,0,0,0,0,0,0,1.156,-296,1.967,-2765,3.443,-4410,3.549,-5607,0,0,0,0,0,0,0,0,4.086,-5571,3.06,-4532,0,0,0,0
washingtondc,,Washington,DC,20009,Successful,'2016-12-28',Successful,'2016-12-27',||,'2016-12-28',1.406,-784,1.513,-1414,1.812,-2544,1.417,-2163,1.003,-19,3.288,-6834,1.393,-759,1.458,-1262,0,0,2.663,-8624,0,0,0,0,1.732,-1415,1.529,-1459,2.043,-3268,1.417,-2163,0.946,405,3.288,-6834,1.126,-243,1.77,-2124,1.75,-2350,1.215,-1117,1.055,-414,0,0
washingtondc,,Washington,DC,20010,Successful,'2016-12-28',Successful,'2016-12-27',||,'2016-12-28',1.273,-463,1.886,-1748,1.224,-735,1.966,-2173,1.048,-245,0,0,1.273,-463,1.922,-1820,1.164,-539,0,0,0,0,0,0,1.297,-505,1.784,-1548,1.217,-713,1.846,-1904,1.048,-245,0,0,0,0,2.055,-2083,1.392,-1287,2.286,-2893,0,0,0,0
washingtondc,,Washington,DC,20011,Successful,'2016-12-28',Successful,'2016-12-27',||,'2016-12-28',1.047,-69,1.161,-368,1.041,-114,1.436,-1210,0,0,3.301,-5063,1.047,-69,1.11,-252,1.409,-1144,0,0,0,0,0,0,0,0,1.386,-882,1.03,-85,1.436,-1210,0,0,3.301,-5063,0,0,0,0,1.086,-241,1.446,-1238,0,0,0,0
washingtondc,,Washington,DC,20012,Successful,'2016-12-28',Successful,'2016-12-27',||,'2016-12-28',1.106,-146,1.175,-350,2.079,-1536,1.518,-1398,0,0,0,0,1.106,-146,1.111,-222,0,0,0,0,0,0,0,0,0,0,1.381,-762,2.105,-1572,1.518,-1398,0,0,0,0,0,0,1.466,-931,1.994,-1415,0,0,0,0,0,0
washingtondc,,Washington,DC,20015,Successful,'2016-12-28',Successful,'2016-12-27',||,'2016-12-28',1.211,-359,1.77,-1894,2.949,-3405,1.505,-1849,3.896,-5068,0,0,1.211,-359,1.677,-1665,0,0,0,0,0,0,0,0,0,0,1.997,-2453,2.933,-3377,1.505,-1849,3.896,-5068,0,0,0,0,0,0,3.395,-4184,0,0,0,0,0,0
washingtondc,,Washington,DC,20016,Successful,'2016-12-28',Successful,'2016-12-27',||,'2016-12-28',1.205,-399,1.09,-295,0.84,1031,3.358,-5011,0,0,4.192,-10685,1.205,-399,1.07,-227,0.81,1227,2.884,-4003,0,0,0,0,1.195,-380,1.283,-923,0.84,1031,3.392,-5082,0,0,4.192,-10685,0,0,1.568,-1853,1.262,-1689,3.322,-4935,0,0,0,0
washingtondc,,Washington,DC,20017,Successful,'2016-12-28',Successful,'2016-12-27',||,'2016-12-28',1.11,-171,1.565,-988,2.81,-1960,0,0,0,0,0,0,1.11,-171,1.597,-1044,3.745,-2973,0,0,0,0,0,0,0,0,1.251,-439,2.713,-1855,0,0,0,0,0,0,0,0,1.362,-633,3.992,-3240,0,0,0,0,0,0
washingtondc,,Washington,DC,20018,Successful,'2016-12-28',Successful,'2016-12-27',||,'2016-12-28',2.301,-1006,1.263,-409,1.231,-541,0.025,137528,0,0,0,0,2.301,-1006,1.217,-337,0,0,0.021,137987,0,0,0,0,0,0,1.219,-340,1.175,-409,0.025,137513,0,0,0,0,0,0,1.92,-1429,1.436,-1021,0.03,136851,0,0,0,0
washingtondc,,Washington,DC,20019,Successful,'2016-12-28',Successful,'2016-12-27',||,'2016-12-28',0.654,362,1.141,-153,2.37,-925,0,0,0,0,0,0,0.569,451,0.579,458,0,0,0,0,0,0,0,0,0.823,185,1.247,-269,2.361,-919,0,0,0,0,0,0,0,0,1.144,-156,2.907,-1287,0,0,0,0,0,0
washingtondc,,Washington,DC,20020,Successful,'2016-12-28',Successful,'2016-12-27',||,'2016-12-28',0.594,375,0.88,151,2.336,-999,0,0,0,0,2.324,-1803,0.557,409,0.548,570,2.119,-837,0,0,0,0,0,0,1.347,-320,1.098,-124,2.305,-976,0,0,0,0,2.324,-1803,0,0,0.975,32,2.484,-1110,0,0,0,0,0,0
washingtondc,,Washington,DC,20024,Successful,'2016-12-28',Successful,'2016-12-27',||,'2016-12-28',1.361,-641,1.372,-951,0,0,0,0,0,0,0,0,1.361,-641,1.468,-1195,0,0,0,0,0,0,0,0,0,0,0.996,11,0,0,0,0,0,0,0,0,0,0,1.264,-675,0,0,0,0,0,0,0,0
washingtondc,,Washington,DC,20032,Successful,'2016-12-28',Successful,'2016-12-27',||,'2016-12-28',0.523,481,0.703,386,2.044,-783,1.302,-442,1.816,-1020,0,0,0.516,488,0.492,661,0.863,103,0,0,0,0,0,0,0.524,480,0.908,119,1.876,-657,1.313,-457,1.816,-1020,0,0,0,0,1.163,-212,2.463,-1097,1.218,-318,0,0,0,0
washingtondc,,Washington,DC,20036,Successful,'2016-12-28',Successful,'2016-12-27',||,'2016-12-28',1.178,-396,1.05,-178,0,0,0,0,0,0,0,0,1.178,-396,1.039,-140,0,0,0,0,0,0,0,0,0.709,647,1.111,-396,0,0,0,0,0,0,0,0,0,0,1.331,-1184,0,0,0,0,0,0,0,0
washingtondc,,Washington,DC,20037,Successful,'2016-12-28',Successful,'2016-12-27',||,'2016-12-28',1.302,-691,1.618,-2219,1.46,-2141,0,0,0,0,0,0,1.31,-709,1.638,-2289,3.084,-9691,0,0,0,0,0,0,1.321,-733,1.255,-917,1.02,-93,0,0,0,0,0,0,0.973,61,0.848,545,1.003,-13,0,0,0,0,0,0
washingtondc,,Dulles,VA,20101,Successful,'2016-12-28',FAILED,'2016-12-28',,,,,,,,,,,,,
washingtondc,,Dulles,VA,20102,Successful,'2016-12-28',FAILED,'2016-12-28',,,,,,,,,,,,,
washingtondc,,Dulles,VA,20103,Successful,'2016-12-28',FAILED,'2016-12-28',,,,,,,,,,,,,
washingtondc,,Dulles,VA,20104,Successful,'2016-12-28',FAILED,'2016-12-28',,,,,,,,,,,,,
washingtondc,,Aldie,VA,20105,Successful,'2016-12-28',Successful,'2016-12-27',||,'2016-12-28',4.44,-1892,2.885,-1131,2.24,-1364,2.883,-2446,0,0,0,0,2.616,-889,0,0,1.947,-1042,0,0,0,0,0,0,6.265,-2896,2.883,-1130,3.235,-2459,2.905,-2474,0,0,0,0,0,0,2.888,-1133,2.225,-1348,2.015,-1319,0,0,0,0
washingtondc,,Arcola,VA,20107,Successful,'2016-12-28',FAILED,'2016-12-28',,,,,,,,,,,,,
washingtondc,,Manassas,VA,20108,Successful,'2016-12-28',FAILED,'2016-12-28',,,,,,,,,,,,,
washingtondc,,Manassas,VA,20109,Successful,'2016-12-28',Successful,'2016-12-27',||,'2016-12-28',0.61,486,0.944,79,0.941,94,1.905,-859,0,0,0,0,0.61,486,0.893,150,0,0,0,0,0,0,0,0,0,0,1.099,-139,1.214,-339,2.037,-984,0,0,0,0,0,0,1.094,-132,0.921,125,1.831,-789,0,0,0,0
washingtondc,,Manassas,VA,20110,Successful,'2016-12-28',Successful,'2016-12-27',||,'2016-12-28',0,0,0.983,22,1.885,-719,1.3,-502,0,0,0,0,0,0,0.901,129,1.399,-324,0,0,0,0,0,0,0,0,0,0,2.331,-1081,1.359,-601,0,0,0,0,0,0,1.018,-24,1.793,-644,0.968,53,0,0,0,0
washingtondc,,Manassas,VA,20111,Successful,'2016-12-28',Successful,'2016-12-27',||,'2016-12-28',0,0,1.09,-122,0.822,343,1.199,-328,2.008,-1311,0,0,0,0,1.116,-156,0,0,0,0,0,0,0,0,0,0,0.749,339,0.77,442,1.353,-582,2.012,-1315,0,0,0,0,1.084,-114,0.845,298,1.102,-168,1.319,-415,0,0
washingtondc,,Manassas,VA,20112,Successful,'2016-12-28',Successful,'2016-12-27',||,'2016-12-28',0,0,2.158,-637,1.045,-88,1.043,-109,0,0,0,0,0,0,0,0,0,0,0,0,0,0,0,0,0,0,1.811,-446,1.028,-56,1.044,-111,0,0,0,0,0,0,3.585,-1422,1.184,-363,0.85,383,0,0,0,0
washingtondc,,Manassas,VA,20113,Successful,'2016-12-28',FAILED,'2016-12-28',,,,,,,,,,,,,
washingtondc,,Centreville,VA,20120,Successful,'2016-12-28',Successful,'2016-12-27',||,'2016-12-28',1.049,-65,1.165,-233,1.135,-253,1.427,-832,0,0,0,0,1.062,-82,1.207,-291,0,0,0,0,0,0,0,0,0,0,0.974,36,1.358,-671,1.598,-1166,0,0,0,0,1.036,-48,1.1,-141,1.106,-199,1.113,-221,0,0,0,0
washingtondc,,Centreville,VA,20121,Successful,'2016-12-28',Successful,'2016-12-27',||,'2016-12-28',0.924,100,1.208,-296,1.217,-371,1.453,-892,0,0,0,0,0.946,71,0.966,49,0.771,391,0,0,0,0,0,0,0.859,185,0.968,46,0.778,379,1.705,-1386,0,0,0,0,0,0,1.244,-347,1.23,-393,1.165,-324,0,0,0,0
washingtondc,,Centreville,VA,20122,Successful,'2016-12-28',FAILED,'2016-12-28',,,,,,,,,,,,,
washingtondc,,Clifton,VA,20124,Successful,'2016-12-28',Successful,'2016-12-27',||,'2016-12-28',3.834,-907,0,0,0,0,0,0,0,0,0,0,3.834,-907,0,0,0,0,0,0,0,0,0,0,0,0,0,0,0,0,0,0,0,0,0,0,0,0,0,0,0,0,0,0,0,0,0,0
washingtondc,,Bristow,VA,20136,Successful,'2016-12-28',Successful,'2016-12-27',||,'2016-12-28',0,0,0,0,1.982,-982,1.123,-283,1.982,-1424,0,0,0,0,0,0,0,0,0,0,0,0,0,0,0,0,0,0,2.314,-1314,1.142,-327,1.99,-1436,0,0,0,0,0,0,1.963,-963,0.944,129,1.689,-999,0,0
washingtondc,,Catharpin,VA,20143,Successful,'2016-12-28',Successful,'2016-12-27',||,'2016-12-28',0,0,0,0,0,0,0,0,0,0,0,0,0,0,0,0,0,0,0,0,0,0,0,0,0,0,0,0,0,0,0,0,0,0,0,0,0,0,0,0,0,0,0,0,0,0,0,0
washingtondc,,Ashburn,VA,20146,Successful,'2016-12-28',FAILED,'2016-12-28',,,,,,,,,,,,,
washingtondc,,Ashburn,VA,20147,Successful,'2016-12-28',Successful,'2016-12-28',||,'2016-12-28',0.96,56,1.292,-476,1.143,-284,1.296,-724,0,0,3.768,-2699,0.96,56,1.392,-639,0.584,827,0,0,0,0,0,0,0,0,1.627,-1022,1.482,-958,1.39,-955,0,0,3.768,-2699,0,0,1.147,-240,1.11,-219,1.043,-105,0,0,0,0
washingtondc,,Ashburn,VA,20148,Successful,'2016-12-28',Successful,'2016-12-28',||,'2016-12-28',2.635,-2214,2.441,-1190,1.323,-630,2.848,-2171,0,0,0,0,0,0,1.983,-812,0.977,44,0,0,0,0,0,0,2.635,-2214,2.492,-1232,1.492,-958,3.309,-2713,0,0,0,0,0,0,2.258,-1039,1.317,-618,2.512,-1777,0,0,0,0
washingtondc,,Ashburn,VA,20149,Successful,'2016-12-28',FAILED,'2016-12-28',,,,,,,,,,,,,
washingtondc,,Chantilly,VA,20151,Successful,'2016-12-28',Successful,'2016-12-28',||,'2016-12-28',3.689,-1143,2.086,-787,2.356,-1304,0,0,2.417,-2191,0,0,3.689,-1143,2.39,-1008,2.088,-1047,0,0,0,0,0,0,0,0,1.55,-399,2.385,-1332,0,0,2.417,-2191,0,0,0,0,2.119,-811,2.369,-1317,0,0,0,0,0,0
washingtondc,,Chantilly,VA,20152,Successful,'2016-12-28',Successful,'2016-12-28',||,'2016-12-28',0,0,2.234,-987,1.204,-413,1.448,-1030,0,0,0,0,0,0,2.212,-970,0.916,171,0,0,0,0,0,0,0,0,2.53,-1224,1.37,-750,1.557,-1280,0,0,0,0,0,0,0,0,1.196,-397,1.126,-289,0,0,0,0
washingtondc,,Chantilly,VA,20153,Successful,'2016-12-28',FAILED,'2016-12-28',,,,,,,,,,,,,
washingtondc,,Gainesville,VA,20155,Successful,'2016-12-28',Successful,'2016-12-28',||,'2016-12-28',1.647,-506,1.404,-594,1.045,-89,2.513,-1589,2.354,-1709,0,0,1.647,-506,1.404,-594,1.193,-381,0,0,0,0,0,0,0,0,1.654,-960,1.296,-586,2.559,-1637,2.354,-1709,0,0,0,0,1.093,-137,0.992,16,1.92,-966,0,0,0,0
washingtondc,,Gainesville,VA,20156,Successful,'2016-12-28',FAILED,'2016-12-28',,,,,,,,,,,,,
washingtondc,,Sterling,VA,20163,Successful,'2016-12-28',FAILED,'2016-12-28',,,,,,,,,,,,,
washingtondc,,Sterling,VA,20164,Successful,'2016-12-28',Successful,'2016-12-28',||,'2016-12-28',1.271,-189,1.977,-752,1.083,-151,0,0,2.091,-1361,0,0,1.271,-189,1.414,-319,0,0,0,0,0,0,0,0,0,0,1.797,-614,1.137,-249,0,0,2.091,-1361,0,0,0,0,2.017,-783,1.012,-21,0,0,0,0,0,0
washingtondc,,Sterling,VA,20165,Successful,'2016-12-28',Successful,'2016-12-28',||,'2016-12-28',0.945,73,1.205,-290,2.672,-1493,2.665,-2018,0,0,0,0,0.945,73,1.205,-290,0,0,0,0,0,0,0,0,0,0,1.23,-326,2.746,-1559,2.735,-2103,0,0,0,0,0,0,1.167,-236,2.524,-1361,2.005,-1218,0,0,0,0
washingtondc,,Sterling,VA,20166,Successful,'2016-12-28',Successful,'2016-12-28',||,'2016-12-28',2.282,-1872,1.008,-14,1.042,-89,1.346,-673,0,0,0,0,0,0,1.005,-9,0,0,0,0,0,0,0,0,0,0,0.99,17,1.388,-821,1.772,-1504,0,0,0,0,2.282,-1872,1.275,-453,1.031,-66,1.142,-277,0,0,0,0
washingtondc,,Haymarket,VA,20169,Successful,'2016-12-28',Successful,'2016-12-28',||,'2016-12-28',0,0,1.713,-963,1.102,-212,2.369,-1883,0,0,0,0,0,0,1.67,-904,1.364,-760,0,0,0,0,0,0,0,0,2.013,-1368,1.343,-716,2.399,-1923,0,0,0,0,0,0,1.266,-359,1.081,-170,1.711,-977,0,0,0,0
washingtondc,,Herndon,VA,20170,Successful,'2016-12-28',Successful,'2016-12-28',||,'2016-12-28',1.133,-158,0.897,172,1.158,-286,2.76,-1948,2.4,-2240,0,0,1.133,-158,0.886,190,0,0,0,0,0,0,0,0,0,0,0.981,32,1.322,-581,2.864,-2063,2.426,-2282,0,0,0,0,0.886,190,1.054,-97,1.79,-874,1.346,-553,0,0
washingtondc,,Herndon,VA,20171,Successful,'2016-12-28',Successful,'2016-12-28',||,'2016-12-28',0.948,81,1.286,-472,1.327,-623,2.897,-2419,3.42,-3146,0,0,0.948,81,1.261,-431,1.555,-1057,0,0,0,0,0,0,0,0,0,0,1.639,-1217,2.99,-2537,3.42,-3146,0,0,0,0,1.317,-523,1.292,-556,2.138,-1451,0,0,0,0
washingtondc,,Herndon,VA,20172,Successful,'2016-12-28',FAILED,'2016-12-28',,,,,,,,,,,,,
washingtondc,,Leesburg,VA,20175,Successful,'2016-12-28',Successful,'2016-12-28',||,'2016-12-28',0.855,219,0.84,241,1.703,-770,1.833,-1332,0,0,0,0,0.855,219,0.883,176,1.344,-377,0,0,0,0,0,0,0,0,0.788,319,1.703,-770,1.972,-1556,0,0,0,0,0,0,0.88,181,1.826,-904,1.406,-649,0,0,0,0
washingtondc,,Leesburg,VA,20176,Successful,'2016-12-28',Successful,'2016-12-28',||,'2016-12-28',2.747,-1013,1.203,-279,1.388,-617,3.884,-2342,2.794,-2691,0,0,2.747,-1013,1.179,-246,1.433,-689,0,0,0,0,0,0,0,0,0,0,1.42,-668,3.893,-2349,2.803,-2704,0,0,0,0,1.278,-383,1.338,-538,3.555,-2075,2.192,-1788,0,0
washingtondc,,Leesburg,VA,20177,Successful,'2016-12-28',FAILED,'2016-12-28',,,,,,,,,,,,,
washingtondc,,Leesburg,VA,20178,Successful,'2016-12-28',FAILED,'2016-12-28',,,,,,,,,,,,,
washingtondc,,Nokesville,VA,20181,Successful,'2016-12-28',Successful,'2016-12-28',||,'2016-12-28',0,0,0,0,0,0,0,0,0,0,0,0,0,0,0,0,0,0,0,0,0,0,0,0,0,0,0,0,0,0,0,0,0,0,0,0,0,0,0,0,0,0,0,0,0,0,0,0
washingtondc,,Nokesville,VA,20182,Successful,'2016-12-28',FAILED,'2016-12-28',,,,,,,,,,,,,
washingtondc,,Reston,VA,20190,Successful,'2016-12-28',Successful,'2016-12-28',||,'2016-12-28',1.313,-461,1.58,-902,1.37,-759,0,0,0,0,0,0,1.314,-462,1.549,-854,1.332,-682,0,0,0,0,0,0,0.939,90,0,0,0,0,0,0,0,0,0,0,0,0,1.876,-1362,1.376,-771,0,0,0,0,0,0
washingtondc,,Reston,VA,20191,Successful,'2016-12-28',Successful,'2016-12-28',||,'2016-12-28',1.517,-676,1.455,-652,1.618,-1019,4.772,-2927,4.119,-3340,0,0,1.517,-676,1.475,-680,1.261,-430,0,0,0,0,0,0,0,0,1.276,-395,2.034,-1706,4.942,-3059,4.119,-3340,0,0,0,0,1.416,-596,1.636,-1049,3.894,-2246,0,0,0,0
washingtondc,,Reston,VA,20193,Successful,'2016-12-28',FAILED,'2016-12-28',,,,,,,,,,,,,
washingtondc,,Reston,VA,20194,Successful,'2016-12-28',Successful,'2016-12-28',||,'2016-12-28',1.213,-357,1.536,-891,1.648,-1195,3.397,-2876,0,0,0,0,1.213,-357,1.616,-1025,0,0,0,0,0,0,0,0,0,0,1.357,-594,2.098,-2024,3.71,-3252,0,0,0,0,0,0,1.275,-457,1.61,-1125,3.008,-2410,0,0,0,0
washingtondc,,Reston,VA,20195,Successful,'2016-12-28',FAILED,'2016-12-28',,,,,,,,,,,,,
washingtondc,,Dulles,VA,20199,Successful,'2016-12-28',FAILED,'2016-12-28',,,,,,,,,,,,,
washingtondc,,Washington,DC,20319,Successful,'2016-12-28',FAILED,'2016-12-28',,,,,,,,,,,,,
washingtondc,,Washington,DC,20722,Successful,'2016-12-28',Successful,'2016-12-28',||,'2016-12-28',1.537,-291,1.503,-328,0,0,1.873,-764,0,0,0,0,0,0,0,0,0,0,0,0,0,0,0,0,1.537,-291,1.503,-328,0,0,1.873,-764,0,0,0,0,0,0,0,0,0,0,0,0,0,0,0,0
washingtondc,,Annandale,VA,22003,Successful,'2016-12-28',Successful,'2016-12-28',||,'2016-12-28',1.023,-26,1.084,-128,1.367,-651,1.305,-708,2.644,-2351,0,0,1.023,-26,1.066,-100,0.978,39,0.764,546,0,0,0,0,0,0,1.182,-277,1.397,-704,1.344,-798,2.644,-2351,0,0,0,0,0,0,1.402,-713,1.1,-231,0,0,0,0
washingtondc,,Burke,VA,22009,Successful,'2016-12-28',FAILED,'2016-12-28',,,,,,,,,,,,,
washingtondc,,Burke,VA,22015,Successful,'2016-12-28',Successful,'2016-12-28',||,'2016-12-28',1.395,-415,1.791,-701,1.254,-450,1.588,-1162,0,0,0,0,1.395,-415,1.702,-622,1.025,-44,0,0,0,0,0,0,0,0,0,0,1.477,-846,1.693,-1368,0,0,0,0,0,0,2.264,-1120,1.25,-444,1.179,-354,0,0,0,0
washingtondc,,Dumfries,VA,22026,Successful,'2016-12-28',Successful,'2016-12-28',||,'2016-12-28',0,0,1.632,-422,2.327,-796,1.286,-458,1.776,-970,0,0,0,0,1.415,-277,0,0,0,0,0,0,0,0,0,0,0,0,2.873,-1124,1.421,-674,1.776,-970,0,0,0,0,2.1,-735,2.19,-714,0.889,177,0,0,0,0
washingtondc,,Dunn Loring,VA,22027,Successful,'2016-12-28',Successful,'2016-12-28',||,'2016-12-28',0,0,0,0,2.446,-2598,1.716,-2095,0,0,0,0,0,0,0,0,0,0,0,0,0,0,0,0,0,0,0,0,1.846,-1521,1.711,-2080,0,0,0,0,0,0,0,0,2.492,-2682,1.924,-2704,0,0,0,0
washingtondc,,Fairfax,VA,22030,Successful,'2016-12-28',Successful,'2016-12-28',||,'2016-12-28',0.958,63,1.101,-182,1.352,-742,1.478,-1016,1.653,-1501,0,0,0.958,63,1.076,-137,1.271,-572,0,0,0,0,0,0,0,0,1.171,-307,1.142,-299,1.447,-950,1.653,-1501,0,0,0,0,1.376,-675,1.427,-901,1.672,-1428,0,0,0,0
washingtondc,,Fairfax,VA,22031,Successful,'2016-12-28',Successful,'2016-12-28',||,'2016-12-28',0.811,323,1.346,-646,1.312,-689,4.16,-2683,0,0,0,0,0.811,323,1.346,-646,1.107,-235,0,0,0,0,0,0,0,0,1.372,-694,1.358,-789,4.893,-3305,0,0,0,0,0,0,1.208,-387,1.316,-698,3.212,-1878,0,0,0,0
washingtondc,,Fairfax,VA,22032,Successful,'2016-12-28',Successful,'2016-12-28',||,'2016-12-28',0,0,1.192,-268,2.058,-1323,0,0,1.918,-1606,0,0,0,0,0,0,0,0,0,0,0,0,0,0,0,0,1.192,-268,2.462,-1827,0,0,1.918,-1606,0,0,0,0,0,0,1.969,-1211,0,0,0,0,0,0
washingtondc,,Fairfax,VA,22033,Successful,'2016-12-28',Successful,'2016-12-28',||,'2016-12-28',0.864,212,1.174,-294,1.252,-530,0,0,0,0,0,0,0.864,212,1.137,-232,1.103,-216,0,0,0,0,0,0,0.854,227,1.536,-905,1.329,-692,0,0,0,0,0,0,0,0,1.209,-353,1.314,-660,0,0,0,0,0,0
washingtondc,,Fairfax,VA,22034,Successful,'2016-12-28',FAILED,'2016-12-28',,,,,,,,,,,,,
washingtondc,,Fairfax,VA,22035,Successful,'2016-12-28',FAILED,'2016-12-28',,,,,,,,,,,,,
washingtondc,,Fairfax Station,VA,22039,Successful,'2016-12-28',Successful,'2016-12-28',||,'2016-12-28',0,0,0,0,0,0,0,0,0,0,0,0,0,0,0,0,0,0,0,0,0,0,0,0,0,0,0,0,0,0,0,0,0,0,0,0,0,0,0,0,0,0,0,0,0,0,0,0
washingtondc,,Falls Church,VA,22040,Successful,'2016-12-28',FAILED,'2016-12-28',,,,,,,,,,,,,
washingtondc,,Falls Church,VA,22041,Successful,'2016-12-28',Successful,'2016-12-28',||,'2016-12-28',1.071,-94,1.03,-55,1.309,-664,0,0,3.047,-2866,0,0,1.071,-94,1.03,-55,1.182,-390,0,0,0,0,0,0,0,0,0.999,1,1.738,-1583,0,0,3.047,-2866,0,0,0,0,1.435,-808,1.308,-660,0,0,0,0,0,0
washingtondc,,Falls Church,VA,22042,Successful,'2016-12-28',Successful,'2016-12-28',||,'2016-12-28',1.348,-447,1.294,-495,1.776,-1235,2.152,-1785,0,0,0,0,1.348,-447,1.079,-132,1.354,-563,0,0,0,0,0,0,0,0,1.429,-721,1.811,-1291,2.152,-1785,0,0,0,0,0,0,1.562,-945,2.106,-1759,2.774,-2749,0,0,0,0
washingtondc,,Falls Church,VA,22043,Successful,'2016-12-28',Successful,'2016-12-28',||,'2016-12-28',1.059,-91,1.577,-932,1.648,-1207,3.245,-2918,0,0,0,0,1.07,-109,1.577,-932,1.396,-737,0,0,0,0,0,0,1.034,-52,1.664,-1071,1.608,-1133,3.217,-2882,0,0,0,0,0,0,1.322,-519,1.74,-1378,3.474,-3216,0,0,0,0
washingtondc,,Falls Church,VA,22044,Successful,'2016-12-28',Successful,'2016-12-28',||,'2016-12-28',2.155,-693,0.97,56,0,0,0,0,2.624,-3085,0,0,2.16,-696,0.961,72,0,0,0,0,0,0,0,0,1.697,-418,0,0,0,0,0,0,2.624,-3085,0,0,0,0,1.25,-459,0,0,0,0,0,0,0,0
washingtondc,,Falls Church,VA,22046,Successful,'2016-12-28',Successful,'2016-12-28',||,'2016-12-28',1.131,-254,0.961,98,1.595,-1368,3.303,-3208,0,0,0,0,1.131,-254,0.798,509,1.913,-2097,0,0,0,0,0,0,0,0,1.438,-1105,1.599,-1376,3.294,-3196,0,0,0,0,0,0,0.967,83,1.592,-1361,3.394,-3335,0,0,0,0
washingtondc,,Falls Church,VA,22047,Successful,'2016-12-28',FAILED,'2016-12-28',,,,,,,,,,,,,
washingtondc,,Fort Belvoir,VA,22060,Successful,'2016-12-28',Successful,'2016-12-28',||,'2016-12-28',0,0,0,0,0,0,0,0,0,0,0,0,0,0,0,0,0,0,0,0,0,0,0,0,0,0,0,0,0,0,0,0,0,0,0,0,0,0,0,0,0,0,0,0,0,0,0,0
washingtondc,,Great Falls,VA,22066,Successful,'2016-12-28',Successful,'2016-12-28',||,'2016-12-28',0,0,0,0,4.543,-3366,3.471,-3674,3.458,-3933,0,0,0,0,0,0,0,0,0,0,0,0,0,0,0,0,0,0,4.569,-3391,3.471,-3674,3.458,-3933,0,0,0,0,0,0,2.585,-1506,0,0,0,0,0,0
washingtondc,,Lorton,VA,22079,Successful,'2016-12-28',Successful,'2016-12-28',||,'2016-12-28',0,0,0.898,184,2.647,-1482,2.953,-2133,0,0,0,0,0,0,0.883,211,0,0,0,0,0,0,0,0,0,0,1.216,-390,2.774,-1597,3.31,-2522,0,0,0,0,0,0,0.891,197,2.578,-1420,2.155,-1261,0,0,0,0
washingtondc,,McLean,VA,22101,Successful,'2016-12-28',Successful,'2016-12-28',||,'2016-12-28',1.09,-139,2.878,-1790,1.567,-1536,0.926,385,4.31,-5164,0,0,1.09,-139,2.878,-1790,1.329,-891,0,0,0,0,0,0,0,0,0,0,1.567,-1536,0.926,385,4.329,-5193,0,0,0,0,0,0,1.899,-2434,0.956,228,2.945,-3034,0,0
washingtondc,,McLean,VA,22102,Successful,'2016-12-28',Successful,'2016-12-28',||,'2016-12-28',0.935,124,1.065,-151,2.145,-2144,1.803,-2692,0,0,0,0,0.935,124,1.061,-142,1.848,-1588,0,0,0,0,0,0,0,0,1.466,-1088,1.745,-1395,1.822,-2753,0,0,0,0,0,0,1.089,-209,2.221,-2285,1.489,-1637,0,0,0,0
washingtondc,,Oakton,VA,22124,Successful,'2016-12-28',Successful,'2016-12-28',||,'2016-12-28',2.102,-743,1.194,-328,1.765,-1327,0,0,0,0,0,0,2.102,-743,1.199,-336,0,0,0,0,0,0,0,0,0,0,1.16,-270,2.082,-1877,0,0,0,0,0,0,0,0,0,0,1.711,-1233,0,0,0,0,0,0
washingtondc,,Occoquan,VA,22125,Successful,'2016-12-28',Successful,'2016-12-28',||,'2016-12-28',0,0,0,0,0,0,0,0,0,0,0,0,0,0,0,0,0,0,0,0,0,0,0,0,0,0,0,0,0,0,0,0,0,0,0,0,0,0,0,0,0,0,0,0,0,0,0,0
washingtondc,,Springfield,VA,22150,Successful,'2016-12-28',Successful,'2016-12-28',||,'2016-12-28',0.912,117,1.231,-399,1.367,-706,2.168,-1370,1.795,-1212,0,0,0.854,194,0,0,0,0,0,0,0,0,0,0,1.408,-544,1.16,-277,1.248,-477,2.156,-1356,1.795,-1212,0,0,0,0,1.301,-520,1.455,-876,2.376,-1614,0,0,0,0
washingtondc,,Springfield,VA,22151,Successful,'2016-12-28',Successful,'2016-12-28',||,'2016-12-28',0,0,0,0,0,0,2.402,-1608,1.399,-797,0,0,0,0,0,0,0,0,0,0,0,0,0,0,0,0,0,0,0,0,2.414,-1622,1.399,-797,0,0,0,0,0,0,0,0,2.258,-1443,0,0,0,0
washingtondc,,Springfield,VA,22152,Successful,'2016-12-28',Successful,'2016-12-28',||,'2016-12-28',1.775,-487,3.268,-1270,3.293,-1720,1.365,-773,0,0,0,0,1.775,-487,2.73,-969,0,0,0,0,0,0,0,0,0,0,0,0,3.324,-1743,1.388,-821,0,0,0,0,0,0,3.529,-1416,3.293,-1720,1.253,-536,0,0,0,0
washingtondc,,Springfield,VA,22153,Successful,'2016-12-28',Successful,'2016-12-28',||,'2016-12-28',0,0,2.204,-1023,1.976,-1098,2.345,-1782,0,0,0,0,0,0,0,0,0,0,0,0,0,0,0,0,0,0,0,0,2.268,-1426,2.373,-1819,0,0,0,0,0,0,2.204,-1023,1.951,-1070,2.072,-1420,0,0,0,0
washingtondc,,Triangle,VA,22172,Successful,'2016-12-28',Successful,'2016-12-28',||,'2016-12-28',0,0,0,0,1.007,-10,0,0,1.548,-850,0,0,0,0,0,0,0,0,0,0,0,0,0,0,0,0,0,0,0.936,97,0,0,1.548,-850,0,0,0,0,0,0,1.123,-185,0,0,0,0,0,0
washingtondc,,Vienna,VA,22180,Successful,'2016-12-28',Successful,'2016-12-28',||,'2016-12-28',1.936,-702,1.567,-907,1.337,-852,1.435,-1132,0,0,0,0,1.936,-702,1.546,-873,0.793,522,0,0,0,0,0,0,0,0,1.909,-1453,1.265,-668,1.465,-1208,0,0,0,0,0,0,1.899,-1438,1.531,-1341,1.116,-301,0,0,0,0
washingtondc,,Vienna,VA,22181,Successful,'2016-12-28',Successful,'2016-12-28',||,'2016-12-28',0,0,0,0,0,0,0,0,0,0,0,0,0,0,0,0,0,0,0,0,0,0,0,0,0,0,0,0,0,0,0,0,0,0,0,0,0,0,0,0,0,0,0,0,0,0,0,0
washingtondc,,Vienna,VA,22182,Successful,'2016-12-28',Successful,'2016-12-28',||,'2016-12-28',0,0,1.205,-469,3.654,-2752,1.399,-1296,4.134,-4034,0,0,0,0,1.231,-530,0,0,0,0,0,0,0,0,0,0,1.789,-1807,3.654,-2752,1.388,-1261,4.134,-4034,0,0,0,0,1.163,-374,3.601,-2697,1.436,-1418,0,0,0,0
washingtondc,,Woodbridge,VA,22191,Successful,'2016-12-28',Successful,'2016-12-28',||,'2016-12-28',1.231,-301,1.109,-166,1.135,-213,1.313,-536,1.283,-566,1.922,-1106,1.231,-301,1.232,-352,1.111,-175,1.062,-106,0,0,0,0,0,0,0.686,477,0.952,76,1.434,-742,1.283,-566,1.922,-1106,0,0,1.005,-7,1.188,-295,0.998,4,0,0,0,0
washingtondc,,Woodbridge,VA,22192,Successful,'2016-12-28',Successful,'2016-12-28',||,'2016-12-28',0.775,286,0.964,53,0.979,39,1.593,-856,0,0,0,0,0.775,286,0.846,227,0.763,432,0,0,0,0,0,0,0,0,1.168,-247,1.217,-396,1.787,-1136,0,0,0,0,0,0,1.118,-174,0.93,128,1.215,-310,0,0,0,0
washingtondc,,Woodbridge,VA,22193,Successful,'2016-12-28',Successful,'2016-12-28',||,'2016-12-28',0,0,1.04,-51,1.024,-36,0.963,72,2.239,-1235,0,0,0,0,1.04,-51,0,0,0,0,0,0,0,0,0,0,0,0,1.035,-51,0.971,57,2.239,-1235,0,0,0,0,0,0,1.021,-31,0.881,233,0,0,0,0
washingtondc,,Arlington,VA,22201,Successful,'2016-12-28',Successful,'2016-12-28',||,'2016-12-28',1.212,-414,1.275,-776,1.185,-733,2.92,-4128,2.571,-4870,0,0,1.213,-416,1.309,-872,1.313,-1244,0,0,0,0,0,0,0.932,133,1.193,-545,1.117,-465,3.043,-4392,2.571,-4870,0,0,0.874,246,1.26,-732,1.29,-1152,2.86,-3998,0,0,0,0
washingtondc,,Arlington,VA,22202,Successful,'2016-12-28',Successful,'2016-12-28',||,'2016-12-28',1.165,-307,1.452,-1058,1.946,-2094,1.637,-1980,0,0,0,0,1.156,-290,1.462,-1080,2.236,-2736,0,0,0,0,0,0,1.296,-552,1.572,-1339,1.995,-2201,1.633,-1966,0,0,0,0,0,0,1.362,-846,1.575,-1273,1.716,-2224,0,0,0,0
washingtondc,,Arlington,VA,22203,Successful,'2016-12-28',Successful,'2016-12-28',||,'2016-12-28',1.319,-576,1.496,-1168,1.279,-873,1.26,-892,0,0,0,0,1.319,-576,1.454,-1071,1.266,-830,0,0,0,0,0,0,0,0,1.535,-1260,1.224,-701,1.26,-892,0,0,0,0,0,0,1.893,-2104,1.442,-1382,0,0,0,0,0,0
washingtondc,,Arlington,VA,22204,Successful,'2016-12-28',Successful,'2016-12-28',||,'2016-12-28',0.947,82,1.297,-553,1.375,-897,2.579,-2466,4.923,-3923,0,0,0.914,133,1.076,-142,0,0,0,0,0,0,0,0,0.999,2,1.344,-639,1.453,-1084,2.579,-2466,4.923,-3923,0,0,1.224,-345,1.409,-760,1.363,-869,2.805,-2820,0,0,0,0
washingtondc,,Arlington,VA,22205,Successful,'2016-12-28',Successful,'2016-12-28',||,'2016-12-28',0,0,0,0,2.655,-2730,1.382,-1329,3.692,-4945,5.146,-6011,0,0,0,0,0,0,0,0,0,0,0,0,0,0,0,0,2.593,-2629,1.378,-1315,3.692,-4945,5.146,-6011,0,0,0,0,3.125,-3506,1.455,-1580,0,0,0,0
washingtondc,,Arlington,VA,22206,Successful,'2016-12-28',Successful,'2016-12-28',||,'2016-12-28',1.586,-874,1.413,-792,2.614,-2018,1.709,-1532,0,0,0,0,1.333,-497,1.223,-427,2.146,-1432,0,0,0,0,0,0,1.643,-959,1.408,-782,1.887,-1109,1.712,-1540,0,0,0,0,1.613,-915,1.524,-1004,3.042,-2552,1.709,-1532,0,0,0,0
washingtondc,,Vienna,VA,22181,Successful,'2016-12-28',Successful,'2016-12-28',||,'2016-12-28',0,0,0,0,0,0,0,0,0,0,0,0,0,0,0,0,0,0,0,0,0,0,0,0,0,0,0,0,0,0,0,0,0,0,0,0,0,0,0,0,0,0,0,0,0,0,0,0
washingtondc,,Arlington,VA,22209,Successful,'2016-12-28',Successful,'2016-12-28',||,'2016-12-28',1.373,-706,2.149,-2447,2.554,-4900,0,0,0,0,0,0,1.402,-761,2.172,-2496,4.572,-11264,0,0,0,0,0,0,0.813,354,1.725,-1544,2.028,-3242,0,0,0,0,0,0,0,0,2.56,-3322,2.389,-4381,0,0,0,0,0,0
washingtondc,,Arlington,VA,22213,Successful,'2016-12-28',Successful,'2016-12-28',||,'2016-12-28',2.491,-1542,1.458,-998,3.278,-2848,0,0,0,0,0,0,2.491,-1542,1.353,-769,0,0,0,0,0,0,0,0,0,0,0,0,3.278,-2848,0,0,0,0,0,0,0,0,1.601,-1311,3.69,-3362,0,0,0,0,0,0
washingtondc,,Arlington,VA,22214,Successful,'2016-12-28',FAILED,'2016-12-28',,,,,,,,,,,,,
washingtondc,,Arlington,VA,22215,Successful,'2016-12-28',FAILED,'2016-12-28',,,,,,,,,,,,,
washingtondc,,Arlington,VA,22216,Successful,'2016-12-28',FAILED,'2016-12-28',,,,,,,,,,,,,
washingtondc,,Arlington,VA,22217,Successful,'2016-12-28',FAILED,'2016-12-28',,,,,,,,,,,,,
washingtondc,,Arlington,VA,22218,Successful,'2016-12-28',FAILED,'2016-12-28',,,,,,,,,,,,,
washingtondc,,Arlington,VA,22219,Successful,'2016-12-28',FAILED,'2016-12-28',,,,,,,,,,,,,
washingtondc,,Alexandria,VA,22301,Successful,'2016-12-28',Successful,'2016-12-28',||,'2016-12-28',0.923,154,1.423,-1008,3.816,-2957,0,0,0,0,0,0,0.923,154,1.028,-66,0,0,0,0,0,0,0,0,0,0,1.411,-980,3.838,-2980,0,0,0,0,0,0,0,0,1.474,-1130,3.792,-2932,0,0,0,0,0,0
washingtondc,,Alexandria,VA,22302,Successful,'2016-12-28',Successful,'2016-12-28',||,'2016-12-28',1.033,-51,1.2,-385,3.418,-2379,3.507,-3414,4.739,-4861,0,0,1.022,-34,1.159,-305,2.426,-1403,0,0,0,0,0,0,1.062,-95,1.404,-777,4.193,-3142,3.527,-3442,4.739,-4861,0,0,1.154,-238,1.264,-508,2.752,-1724,2.146,-1561,0,0,0,0
washingtondc,,Alexandria,VA,22303,Successful,'2016-12-28',Successful,'2016-12-28',||,'2016-12-28',1.209,-333,1.281,-491,1.116,-273,0,0,0,0,0,0,1.209,-333,1.317,-553,1.469,-1107,0,0,0,0,0,0,0,0,1.27,-472,1.004,-10,0,0,0,0,0,0,0,0,1.165,-288,1.439,-1037,0,0,0,0,0,0
washingtondc,,Alexandria,VA,22304,Successful,'2016-12-28',Successful,'2016-12-28',||,'2016-12-28',1.011,-16,1.2,-344,0.844,561,0,0,0,0,0,0,1.005,-8,1.2,-344,0.741,931,0,0,0,0,0,0,1.124,-189,1.197,-340,0.7,1081,0,0,0,0,0,0,1.163,-247,1.203,-349,0.987,46,0,0,0,0,0,0
washingtondc,,Alexandria,VA,22305,Successful,'2016-12-28',Successful,'2016-12-28',||,'2016-12-28',0.889,169,1.486,-936,1.14,-393,3.773,-3292,0,0,0,0,0.889,169,0.987,26,0.911,250,0,0,0,0,0,0,0,0,1.502,-967,1.14,-393,3.955,-3507,0,0,0,0,0,0,1.598,-1153,1.14,-393,2.823,-2164,0,0,0,0
washingtondc,,Alexandria,VA,22306,Successful,'2016-12-28',Successful,'2016-12-28',||,'2016-12-28',0.799,252,1.089,-138,1.375,-669,1.171,-416,1.409,-1064,4.699,-5918,0.698,378,0.967,51,1.203,-363,0,0,0,0,0,0,1.466,-584,1.177,-274,1.267,-476,1.252,-615,1.409,-1064,4.699,-5918,0,0,1.37,-574,1.394,-703,1.064,-156,0,0,0,0
washingtondc,,Alexandria,VA,22307,Successful,'2016-12-28',Successful,'2016-12-28',||,'2016-12-28',1.757,-549,0.978,39,2.955,-1832,0,0,0,0,0,0,1.757,-549,0.961,69,2.033,-968,0,0,0,0,0,0,0,0,1.015,-26,2.925,-1804,0,0,0,0,0,0,0,0,1.342,-598,3.806,-2629,0,0,0,0,0,0
washingtondc,,Alexandria,VA,22308,Successful,'2016-12-28',Successful,'2016-12-28',||,'2016-12-28',0,0,0,0,3.155,-2181,3.057,-2571,0,0,0,0,0,0,0,0,0,0,0,0,0,0,0,0,0,0,0,0,3.155,-2181,3.057,-2571,0,0,0,0,0,0,0,0,0,0,0,0,0,0,0,0
washingtondc,,Alexandria,VA,22309,Successful,'2016-12-28',Successful,'2016-12-28',||,'2016-12-28',0.738,345,0.833,251,1.129,-235,1.345,-681,1.884,-1745,0,0,0.767,307,0.805,293,0.787,389,0,0,0,0,0,0,0,0,0.833,251,1.231,-421,1.405,-800,1.946,-1868,0,0,0.667,438,0.967,50,1.097,-177,1.05,-98,1.476,-940,0,0
washingtondc,,Alexandria,VA,22310,Successful,'2016-12-28',Successful,'2016-12-28',||,'2016-12-28',1.222,-227,1.138,-235,2.513,-1501,1.451,-914,1.389,-1049,0,0,1.222,-227,1.123,-209,2.073,-1064,0,0,0,0,0,0,0,0,1.127,-217,2.487,-1475,1.476,-964,1.389,-1049,0,0,0,0,1.317,-540,2.573,-1560,1.302,-611,0,0,0,0
washingtondc,,Alexandria,VA,22311,Successful,'2016-12-28',Successful,'2016-12-28',||,'2016-12-28',1.003,-5,1.356,-564,1.755,-1510,0,0,0,0,0,0,1.003,-4,1.328,-521,0,0,0,0,0,0,0,0,1.225,-337,0,0,1.554,-1108,0,0,0,0,0,0,0,0,1.975,-1547,1.804,-1609,0,0,0,0,0,0
washingtondc,,Alexandria,VA,22312,Successful,'2016-12-28',Successful,'2016-12-28',||,'2016-12-28',0.82,262,1.117,-207,1.354,-725,2.031,-1649,0,0,0,0,0.82,262,0.837,289,0.87,265,0,0,0,0,0,0,0,0,0,0,1.16,-328,2.031,-1649,0,0,0,0,0,0,1.258,-458,1.445,-911,1.864,-1382,0,0,0,0
washingtondc,,Alexandria,VA,22313,Successful,'2016-12-28',FAILED,'2016-12-28',,,,,,,,,,,,,
washingtondc,,Alexandria,VA,22314,Successful,'2016-12-28',Successful,'2016-12-28',||,'2016-12-28',1.362,-639,1.615,-1364,1.927,-2423,4.507,-4384,0,0,0,0,1.362,-639,1.485,-1075,2.616,-4222,0,0,0,0,0,0,0,0,1.746,-1654,1.803,-2098,2.871,-2339,0,0,0,0,0,0,1.697,-1545,1.85,-2220,4.77,-4713,0,0,0,0
washingtondc,,Alexandria,VA,22315,Successful,'2016-12-28',Successful,'2016-12-28',||,'2016-12-28',0.998,4,1.414,-628,1.562,-1011,2.096,-1603,0,0,0,0,0.998,4,1.328,-498,1.197,-354,0,0,0,0,0,0,0,0,2.038,-1576,1.444,-800,2.237,-1808,0,0,0,0,0,0,1.642,-974,1.583,-1049,2.085,-1586,0,0,0,0
richmond,,Glen Allen,VA,23060,Successful,'2016-12-28',Successful,'2016-12-28',||,'2016-12-28',5.546,-1891,1.551,-281,0.971,41,1.011,-17,0,0,0,0,0,0,1.551,-281,1.119,-165,0,0,0,0,0,0,5.546,-1891,0,0,0.894,148,1.011,-17,0,0,0,0,0,0,0,0,1.286,-398,0,0,0,0,0,0
richmond,,Richmond,VA,23173,Successful,'2016-12-28',FAILED,'2016-12-28',,,,,,,,,,,,,
richmond,,Richmond,VA,23218,Successful,'2016-12-28',FAILED,'2016-12-28',,,,,,,,,,,,,
richmond,,Richmond,VA,23219,Successful,'2016-12-28',Successful,'2016-12-28',||,'2016-12-28',1.192,-170,2.395,-893,2.098,-606,0,0,0,0,0,0,1.192,-170,2.417,-907,8.371,-4069,0,0,0,0,0,0,0,0,1.519,-332,2.098,-606,0,0,0,0,0,0,0,0,0,0,0,0,0,0,0,0,0,0
richmond,,Richmond,VA,23220,Successful,'2016-12-28',Successful,'2016-12-28',||,'2016-12-28',1.115,-97,0.821,225,1.052,-76,2.439,-1651,0,0,0,0,1.048,-41,0.83,214,1.167,-242,1.931,-1068,0,0,0,0,1.403,-341,0.718,355,1.012,-18,2.689,-1937,0,0,0,0,0,0,0,0,0,0,0,0,0,0,0,0
richmond,,Richmond,VA,23221,Successful,'2016-12-28',Successful,'2016-12-28',||,'2016-12-28',0.708,437,0.858,170,1.362,-520,7.447,-2740,0,0,0,0,0.708,437,0.819,217,1.156,-224,0,0,0,0,0,0,0,0,1.298,-357,1.376,-539,7.447,-2740,0,0,0,0,0,0,0,0,0,0,0,0,0,0,0,0
richmond,,Richmond,VA,23222,Successful,'2016-12-28',Successful,'2016-12-28',||,'2016-12-28',0,0,0.496,315,0.772,223,1.483,-240,0,0,0,0,0,0,0,0,0,0,0,0,0,0,0,0,0,0,0.496,315,0.772,223,1.483,-240,0,0,0,0,0,0,0,0,0,0,0,0,0,0,0,0
richmond,,Richmond,VA,23223,Successful,'2016-12-28',Successful,'2016-12-28',||,'2016-12-28',0.81,218,0.875,119,0.961,36,0,0,0,0,0,0,0.873,146,0.831,161,0.665,307,0,0,0,0,0,0,0.81,218,0.875,119,0.975,23,0,0,0,0,0,0,0,0,0,0,0,0,0,0,0,0,0,0
richmond,,Richmond,VA,23224,Successful,'2016-12-28',Successful,'2016-12-28',||,'2016-12-28',0.571,426,0.281,772,0.611,358,0.783,189,0,0,0,0,0.571,426,0.937,68,0.748,232,0.591,357,0,0,0,0,0,0,0.27,784,0.583,384,0.822,155,0,0,0,0,0,0,0,0,0,0,0,0,0,0,0,0
richmond,,Richmond,VA,23225,Successful,'2016-12-28',Successful,'2016-12-28',||,'2016-12-28',0,0,1.247,-190,1.076,-86,0,0,0,0,0,0,0,0,1.247,-190,1.291,-328,0,0,0,0,0,0,0,0,1.247,-190,1.022,-25,0,0,0,0,0,0,0,0,0,0,0,0,0,0,0,0,0,0
richmond,,Richmond,VA,23226,Successful,'2016-12-28',Successful,'2016-12-28',||,'2016-12-28',0,0,1.855,-612,1.321,-411,4.533,-1590,0,0,0,0,0,0,3.204,-1578,2.173,-1502,0,0,0,0,0,0,0,0,1.677,-485,1.301,-386,4.533,-1590,0,0,0,0,0,0,0,0,0,0,0,0,0,0,0,0
richmond,,Henrico,VA,23227,Successful,'2016-12-28',Successful,'2016-12-28',||,'2016-12-28',0.373,359,3.088,-783,1.065,-70,3.128,-951,0,0,0,0,0.373,359,5.304,-1614,0.182,886,0,0,0,0,0,0,0,0,2.787,-670,1.093,-101,3.128,-951,0,0,0,0,0,0,0,0,0,0,0,0,0,0,0,0
richmond,,Henrico,VA,23228,Successful,'2016-12-28',Successful,'2016-12-28',||,'2016-12-28',0,0,0.771,195,0.752,317,2.317,-706,0,0,0,0,0,0,0.62,323,0.637,464,0,0,0,0,0,0,0,0,0.922,66,0.796,261,2.317,-706,0,0,0,0,0,0,0,0,0,0,0,0,0,0,0,0
richmond,,Henrico,VA,23229,Successful,'2016-12-28',Successful,'2016-12-28',||,'2016-12-28',0,0,1.532,-360,1.342,-324,2.274,-1019,3.571,-2635,0,0,0,0,1.827,-560,2.327,-1257,4.454,-2763,0,0,0,0,0,0,1.521,-353,1.288,-273,2.084,-867,3.571,-2635,0,0,0,0,0,0,0,0,0,0,0,0,0,0
richmond,,Henrico,VA,23230,Successful,'2016-12-28',Successful,'2016-12-28',||,'2016-12-28',1.166,-95,0.886,120,1.793,-525,0,0,5.349,-2827,0,0,1.068,-39,0.8,210,3.346,-1553,0,0,0,0,0,0,1.283,-162,1.23,-242,1.793,-525,0,0,5.349,-2827,0,0,0,0,0,0,0,0,0,0,0,0,0,0
richmond,,Henrico,VA,23231,Successful,'2016-12-28',Successful,'2016-12-28',||,'2016-12-28',1.199,-199,2.18,-734,0.904,92,0.863,190,0,0,0,0,1.199,-199,2.879,-1169,0,0,0,0,0,0,0,0,0,0,0.74,162,0.904,92,0.863,190,0,0,0,0,0,0,0,0,0,0,0,0,0,0,0,0
richmond,,Richmond,VA,23232,Successful,'2016-12-28',FAILED,'2016-12-28',,,,,,,,,,,,,
richmond,,Henrico,VA,23233,Successful,'2016-12-28',Successful,'2016-12-28',||,'2016-12-28',0,0,0.825,198,1.093,-123,1.139,-228,0,0,0,0,0,0,0.81,215,1.192,-253,1.461,-754,0,0,0,0,0,0,1.05,-57,1.072,-95,1.089,-146,0,0,0,0,0,0,0,0,0,0,0,0,0,0,0,0
richmond,,Chesterfield,VA,23234,Successful,'2016-12-28',Successful,'2016-12-28',||,'2016-12-28',0,0,0.532,305,0.725,305,1.089,-87,0,0,0,0,0,0,0.523,311,1.087,-97,0,0,0,0,0,0,0,0,0.558,288,0.71,322,1.089,-87,0,0,0,0,0,0,0,0,0,0,0,0,0,0,0,0
richmond,,Chesterfield,VA,23235,Successful,'2016-12-28',Successful,'2016-12-28',||,'2016-12-28',0.701,141,0.818,185,0.95,60,0,0,4.105,-1475,0,0,0,0,0.59,416,0.812,224,0,0,2.261,-599,0,0,0.701,141,1.022,-22,0.957,51,0,0,4.343,-1588,0,0,0,0,0,0,0,0,0,0,0,0,0,0
richmond,,Chesterfield,VA,23236,Successful,'2016-12-28',Successful,'2016-12-28',||,'2016-12-28',2.364,-745,2.987,-948,0.858,166,0,0,1.905,-792,0,0,2.364,-745,3.08,-992,1.022,-26,0,0,0,0,0,0,0,0,1.553,-264,0.846,180,0,0,1.905,-792,0,0,0,0,0,0,0,0,0,0,0,0,0,0
richmond,,Chesterfield,VA,23237,Successful,'2016-12-28',Successful,'2016-12-28',||,'2016-12-28',0,0,1.514,-244,0.985,14,1.124,-139,0,0,0,0,0,0,0,0,1.436,-398,0,0,0,0,0,0,0,0,1.514,-244,0.966,31,1.124,-139,0,0,0,0,0,0,0,0,0,0,0,0,0,0,0,0
richmond,,Henrico,VA,23238,Successful,'2016-12-28',Successful,'2016-12-28',||,'2016-12-28',0.751,173,0.818,176,0.967,38,2.616,-1131,0,0,0,0,0.751,173,0.818,176,0.817,210,0,0,0,0,0,0,0,0,0,0,1.121,-138,2.616,-1131,0,0,0,0,0,0,0,0,0,0,0,0,0,0,0,0
richmond,,Richmond,VA,23240,Successful,'2016-12-28',FAILED,'2016-12-28',,,,,,,,,,,,,
richmond,,Richmond,VA,23241,Successful,'2016-12-28',FAILED,'2016-12-28',,,,,,,,,,,,,
richmond,,Henrico,VA,23242,Successful,'2016-12-28',FAILED,'2016-12-28',,,,,,,,,,,,,
richmond,,Richmond,VA,23249,Successful,'2016-12-28',FAILED,'2016-12-28',,,,,,,,,,,,,
richmond,,Henrico,VA,23250,Successful,'2016-12-28',FAILED,'2016-12-28',,,,,,,,,,,,,
richmond,,Henrico,VA,23255,Successful,'2016-12-28',FAILED,'2016-12-28',,,,,,,,,,,,,
richmond,,Richmond,VA,23260,Successful,'2016-12-28',FAILED,'2016-12-28',,,,,,,,,,,,,
richmond,,Richmond,VA,23261,Successful,'2016-12-28',FAILED,'2016-12-28',,,,,,,,,,,,,
richmond,,Richmond,VA,23269,Successful,'2016-12-28',FAILED,'2016-12-28',,,,,,,,,,,,,
richmond,,Richmond,VA,23273,Successful,'2016-12-28',FAILED,'2016-12-28',,,,,,,,,,,,,
richmond,,Richmond,VA,23274,Successful,'2016-12-28',FAILED,'2016-12-28',,,,,,,,,,,,,
richmond,,Richmond,VA,23276,Successful,'2016-12-28',FAILED,'2016-12-28',,,,,,,,,,,,,
richmond,,Richmond,VA,23278,Successful,'2016-12-28',FAILED,'2016-12-28',,,,,,,,,,,,,
richmond,,Richmond,VA,23279,Successful,'2016-12-28',FAILED,'2016-12-28',,,,,,,,,,,,,
richmond,,Richmond,VA,23282,Successful,'2016-12-28',FAILED,'2016-12-28',,,,,,,,,,,,,
richmond,,Richmond,VA,23284,Successful,'2016-12-28',FAILED,'2016-12-28',,,,,,,,,,,,,
richmond,,Richmond,VA,23285,Successful,'2016-12-28',FAILED,'2016-12-28',,,,,,,,,,,,,
richmond,,Richmond,VA,23286,Successful,'2016-12-28',FAILED,'2016-12-28',,,,,,,,,,,,,
richmond,,Henrico,VA,23288,Successful,'2016-12-28',FAILED,'2016-12-28',,,,,,,,,,,,,
richmond,,Richmond,VA,23289,Successful,'2016-12-28',FAILED,'2016-12-28',,,,,,,,,,,,,
richmond,,Richmond,VA,23290,Successful,'2016-12-28',FAILED,'2016-12-28',,,,,,,,,,,,,
richmond,,Richmond,VA,23291,Successful,'2016-12-28',FAILED,'2016-12-28',,,,,,,,,,,,,
richmond,,Richmond,VA,23292,Successful,'2016-12-28',FAILED,'2016-12-28',,,,,,,,,,,,,
richmond,,Richmond,VA,23293,Successful,'2016-12-28',FAILED,'2016-12-28',,,,,,,,,,,,,
richmond,,Henrico,VA,23294,Successful,'2016-12-28',Successful,'2016-12-28',||,'2016-12-28',0,0,0.721,262,1.724,-439,0,0,0,0,0,0,0,0,0.694,288,1.556,-337,0,0,0,0,0,0,0,0,1.533,-501,1.817,-495,0,0,0,0,0,0,0,0,0,0,0,0,0,0,0,0,0,0
richmond,,Richmond,VA,23295,Successful,'2016-12-28',FAILED,'2016-12-28',,,,,,,,,,,,,
richmond,,Chesterfield,VA,23297,Successful,'2016-12-28',FAILED,'2016-12-28',,,,,,,,,,,,,
richmond,,Richmond,VA,23298,Successful,'2016-12-28',FAILED,'2016-12-28',,,,,,,,,,,,,
